config_key,article_id,title,dataset,dataset_domain,dataset_features,task_model,order,timing,prediction_horizon,batch_size,missing_rate_raw,missing_rate,missing_rate_band,missing_rate_unknown_reason,winner_algorithm,metrics_count,metrics,all_winners
2|METR-LA|Traffic||STID|||||25,2,GinAR: An End-To-End Multivariate Time Series Forecasting Model Suitable for Variable Missing,METR-LA,Traffic,,STID,,,,,25,25.0,20-30%,,IA,1,MAE,IA(1)
2|METR-LA|Traffic||STID|||||50,2,GinAR: An End-To-End Multivariate Time Series Forecasting Model Suitable for Variable Missing,METR-LA,Traffic,,STID,,,,,50,50.0,50-60%,,IA,1,MAE,IA(1)
2|METR-LA|Traffic||STID|||||75,2,GinAR: An End-To-End Multivariate Time Series Forecasting Model Suitable for Variable Missing,METR-LA,Traffic,,STID,,,,,75,75.0,70-80%,,IA,1,MAE,IA(1)
2|METR-LA|Traffic||STID|||||90,2,GinAR: An End-To-End Multivariate Time Series Forecasting Model Suitable for Variable Missing,METR-LA,Traffic,,STID,,,,,90,90.0,90-100%,,IA,1,MAE,IA(1)
2|PEMS08|Traffic||STID|||||25,2,GinAR: An End-To-End Multivariate Time Series Forecasting Model Suitable for Variable Missing,PEMS08,Traffic,,STID,,,,,25,25.0,20-30%,,IA,1,MAE,IA(1)
2|PEMS08|Traffic||STID|||||50,2,GinAR: An End-To-End Multivariate Time Series Forecasting Model Suitable for Variable Missing,PEMS08,Traffic,,STID,,,,,50,50.0,50-60%,,IA,1,MAE,IA(1)
2|PEMS08|Traffic||STID|||||75,2,GinAR: An End-To-End Multivariate Time Series Forecasting Model Suitable for Variable Missing,PEMS08,Traffic,,STID,,,,,75,75.0,70-80%,,IA,1,MAE,IA(1)
2|PEMS08|Traffic||STID|||||90,2,GinAR: An End-To-End Multivariate Time Series Forecasting Model Suitable for Variable Missing,PEMS08,Traffic,,STID,,,,,90,90.0,90-100%,,IA,1,MAE,IA(1)
2|China AQI|Climate||STID|||||25,2,GinAR: An End-To-End Multivariate Time Series Forecasting Model Suitable for Variable Missing,China AQI,Climate,,STID,,,,,25,25.0,20-30%,,IA,1,MAE,IA(1)
2|China AQI|Climate||STID|||||50,2,GinAR: An End-To-End Multivariate Time Series Forecasting Model Suitable for Variable Missing,China AQI,Climate,,STID,,,,,50,50.0,50-60%,,IA,1,MAE,IA(1)
2|China AQI|Climate||STID|||||75,2,GinAR: An End-To-End Multivariate Time Series Forecasting Model Suitable for Variable Missing,China AQI,Climate,,STID,,,,,75,75.0,70-80%,,IA,1,MAE,IA(1)
2|China AQI|Climate||STID|||||90,2,GinAR: An End-To-End Multivariate Time Series Forecasting Model Suitable for Variable Missing,China AQI,Climate,,STID,,,,,90,90.0,90-100%,,IA,1,MAE,IA(1)
7|Sine|Not specified||LSSVM|||||5,7,Time series forecasting with missing values,Sine,Not specified,,LSSVM,,,,,5,5.0,0-10%,,LTI,1,NRMSE,LTI(1)
7|Sine|Not specified||LSSVM|||||10,7,Time series forecasting with missing values,Sine,Not specified,,LSSVM,,,,,10,10.0,10-20%,,LTI,1,NRMSE,LTI(1)
7|Sine|Not specified||LSSVM|||||15,7,Time series forecasting with missing values,Sine,Not specified,,LSSVM,,,,,15,15.0,10-20%,,LTI,1,NRMSE,LTI(1)
7|Sine|Not specified||LSSVM|||||20,7,Time series forecasting with missing values,Sine,Not specified,,LSSVM,,,,,20,20.0,20-30%,,LTI,1,NRMSE,LTI(1)
7|Sine|Not specified||LSSVM|||||25,7,Time series forecasting with missing values,Sine,Not specified,,LSSVM,,,,,25,25.0,20-30%,,LTI,1,NRMSE,LTI(1)
7|Sine|Not specified||LSSVM|||||50,7,Time series forecasting with missing values,Sine,Not specified,,LSSVM,,,,,50,50.0,50-60%,,LTI,1,NRMSE,LTI(1)
7|Sinc|Not specified||LSSVM|||||5,7,Time series forecasting with missing values,Sinc,Not specified,,LSSVM,,,,,5,5.0,0-10%,,LTI,1,NRMSE,LTI(1)
7|Sinc|Not specified||LSSVM|||||10,7,Time series forecasting with missing values,Sinc,Not specified,,LSSVM,,,,,10,10.0,10-20%,,LTI,1,NRMSE,LTI(1)
7|Sinc|Not specified||LSSVM|||||15,7,Time series forecasting with missing values,Sinc,Not specified,,LSSVM,,,,,15,15.0,10-20%,,LTI,1,NRMSE,LTI(1)
7|Sinc|Not specified||LSSVM|||||20,7,Time series forecasting with missing values,Sinc,Not specified,,LSSVM,,,,,20,20.0,20-30%,,LTI,1,NRMSE,LTI(1)
7|Sinc|Not specified||LSSVM|||||25,7,Time series forecasting with missing values,Sinc,Not specified,,LSSVM,,,,,25,25.0,20-30%,,LTI,1,NRMSE,LTI(1)
7|Sinc|Not specified||LSSVM|||||50,7,Time series forecasting with missing values,Sinc,Not specified,,LSSVM,,,,,50,50.0,50-60%,,LTI,1,NRMSE,LTI(1)
7|Mackey-Glass|Medicine||LSSVM|||||5,7,Time series forecasting with missing values,Mackey-Glass,Medicine,,LSSVM,,,,,5,5.0,0-10%,,LTI,1,NRMSE,LTI(1)
7|Mackey-Glass|Medicine||LSSVM|||||10,7,Time series forecasting with missing values,Mackey-Glass,Medicine,,LSSVM,,,,,10,10.0,10-20%,,LTI,1,NRMSE,LTI(1)
7|Mackey-Glass|Medicine||LSSVM|||||15,7,Time series forecasting with missing values,Mackey-Glass,Medicine,,LSSVM,,,,,15,15.0,10-20%,,Hot-Deck,1,NRMSE,Hot-Deck(1)
7|Mackey-Glass|Medicine||LSSVM|||||20,7,Time series forecasting with missing values,Mackey-Glass,Medicine,,LSSVM,,,,,20,20.0,20-30%,,LTI,1,NRMSE,LTI(1)
7|Mackey-Glass|Medicine||LSSVM|||||25,7,Time series forecasting with missing values,Mackey-Glass,Medicine,,LSSVM,,,,,25,25.0,20-30%,,Hot-Deck,1,NRMSE,Hot-Deck(1)
7|Mackey-Glass|Medicine||LSSVM|||||50,7,Time series forecasting with missing values,Mackey-Glass,Medicine,,LSSVM,,,,,50,50.0,50-60%,,LTI,1,NRMSE,LTI(1)
7|Poland's electricity load|Electricity||LSSVM|||||5,7,Time series forecasting with missing values,Poland's electricity load,Electricity,,LSSVM,,,,,5,5.0,0-10%,,AR,1,NRMSE,AR(1)
7|Poland's electricity load|Electricity||LSSVM|||||10,7,Time series forecasting with missing values,Poland's electricity load,Electricity,,LSSVM,,,,,10,10.0,10-20%,,Hot-Deck,1,NRMSE,Hot-Deck(1)
7|Poland's electricity load|Electricity||LSSVM|||||15,7,Time series forecasting with missing values,Poland's electricity load,Electricity,,LSSVM,,,,,15,15.0,10-20%,,Hot-Deck,1,NRMSE,Hot-Deck(1)
7|Poland's electricity load|Electricity||LSSVM|||||20,7,Time series forecasting with missing values,Poland's electricity load,Electricity,,LSSVM,,,,,20,20.0,20-30%,,Hot-Deck,1,NRMSE,Hot-Deck(1)
7|Poland's electricity load|Electricity||LSSVM|||||25,7,Time series forecasting with missing values,Poland's electricity load,Electricity,,LSSVM,,,,,25,25.0,20-30%,,Hot-Deck,1,NRMSE,Hot-Deck(1)
7|Poland's electricity load|Electricity||LSSVM|||||50,7,Time series forecasting with missing values,Poland's electricity load,Electricity,,LSSVM,,,,,50,50.0,50-60%,,Hot-Deck,1,NRMSE,Hot-Deck(1)
7|Sunspot|Climate||LSSVM|||||5,7,Time series forecasting with missing values,Sunspot,Climate,,LSSVM,,,,,5,5.0,0-10%,,LTI,1,NRMSE,LTI(1)
7|Sunspot|Climate||LSSVM|||||10,7,Time series forecasting with missing values,Sunspot,Climate,,LSSVM,,,,,10,10.0,10-20%,,LTI,1,NRMSE,LTI(1)
7|Sunspot|Climate||LSSVM|||||15,7,Time series forecasting with missing values,Sunspot,Climate,,LSSVM,,,,,15,15.0,10-20%,,Hot-Deck,1,NRMSE,Hot-Deck(1)
7|Sunspot|Climate||LSSVM|||||20,7,Time series forecasting with missing values,Sunspot,Climate,,LSSVM,,,,,20,20.0,20-30%,,LTI,1,NRMSE,LTI(1)
7|Sunspot|Climate||LSSVM|||||25,7,Time series forecasting with missing values,Sunspot,Climate,,LSSVM,,,,,25,25.0,20-30%,,LTI,1,NRMSE,LTI(1)
7|Sunspot|Climate||LSSVM|||||50,7,Time series forecasting with missing values,Sunspot,Climate,,LSSVM,,,,,50,50.0,50-60%,,Hot-Deck,1,NRMSE,Hot-Deck(1)
7|Jenkins-Box Gas Furnace|Chemical||LSSVM|||||5,7,Time series forecasting with missing values,Jenkins-Box Gas Furnace,Chemical,,LSSVM,,,,,5,5.0,0-10%,,LTI,1,NRMSE,LTI(1)
7|Jenkins-Box Gas Furnace|Chemical||LSSVM|||||10,7,Time series forecasting with missing values,Jenkins-Box Gas Furnace,Chemical,,LSSVM,,,,,10,10.0,10-20%,,LTI,1,NRMSE,LTI(1)
7|Jenkins-Box Gas Furnace|Chemical||LSSVM|||||15,7,Time series forecasting with missing values,Jenkins-Box Gas Furnace,Chemical,,LSSVM,,,,,15,15.0,10-20%,,LTI,1,NRMSE,LTI(1)
7|Jenkins-Box Gas Furnace|Chemical||LSSVM|||||20,7,Time series forecasting with missing values,Jenkins-Box Gas Furnace,Chemical,,LSSVM,,,,,20,20.0,20-30%,,LTI,1,NRMSE,LTI(1)
7|Jenkins-Box Gas Furnace|Chemical||LSSVM|||||25,7,Time series forecasting with missing values,Jenkins-Box Gas Furnace,Chemical,,LSSVM,,,,,25,25.0,20-30%,,LTI,1,NRMSE,LTI(1)
7|Jenkins-Box Gas Furnace|Chemical||LSSVM|||||50,7,Time series forecasting with missing values,Jenkins-Box Gas Furnace,Chemical,,LSSVM,,,,,50,50.0,50-60%,,Hot-Deck,1,NRMSE,Hot-Deck(1)
16|Not specified|Not specified||AR|3||||10,16,Imputation for the analysis of missing values and prediction of time series data,Not specified,Not specified,,AR,3,,,,10,10.0,10-20%,,ARL Simpute,1,NRMSE,ARL Simpute(1)
16|Not specified|Not specified||AR|3||||15,16,Imputation for the analysis of missing values and prediction of time series data,Not specified,Not specified,,AR,3,,,,15,15.0,10-20%,,ARL Simpute,1,NRMSE,ARL Simpute(1)
16|Not specified|Not specified||AR|3||||20,16,Imputation for the analysis of missing values and prediction of time series data,Not specified,Not specified,,AR,3,,,,20,20.0,20-30%,,ARL Simpute,1,NRMSE,ARL Simpute(1)
16|Not specified|Not specified||AR|4||||10,16,Imputation for the analysis of missing values and prediction of time series data,Not specified,Not specified,,AR,4,,,,10,10.0,10-20%,,ARL Simpute,1,NRMSE,ARL Simpute(1)
16|Not specified|Not specified||AR|4||||15,16,Imputation for the analysis of missing values and prediction of time series data,Not specified,Not specified,,AR,4,,,,15,15.0,10-20%,,ARL Simpute,1,NRMSE,ARL Simpute(1)
16|Not specified|Not specified||AR|4||||20,16,Imputation for the analysis of missing values and prediction of time series data,Not specified,Not specified,,AR,4,,,,20,20.0,20-30%,,ARL Simpute,1,NRMSE,ARL Simpute(1)
"18|Sunspot|Climate||FIR|||||2,5",18,Time-series data prediction based on reconstruction of missing samples and selective ensembling of FIR neural networks,Sunspot,Climate,,FIR,,,,,"2,5",2.5,0-10%,,RMD-FSE,1,NRMSE,RMD-FSE(1)
18|Sunspot|Climate||FIR|||||5,18,Time-series data prediction based on reconstruction of missing samples and selective ensembling of FIR neural networks,Sunspot,Climate,,FIR,,,,,5,5.0,0-10%,,RMD-FSE,1,NRMSE,RMD-FSE(1)
"18|Sunspot|Climate||FIR|||||7,5",18,Time-series data prediction based on reconstruction of missing samples and selective ensembling of FIR neural networks,Sunspot,Climate,,FIR,,,,,"7,5",7.5,0-10%,,RMD-FSE,1,NRMSE,RMD-FSE(1)
18|Sunspot|Climate||FIR|||||10,18,Time-series data prediction based on reconstruction of missing samples and selective ensembling of FIR neural networks,Sunspot,Climate,,FIR,,,,,10,10.0,10-20%,,RMD-FSE,1,NRMSE,RMD-FSE(1)
"18|Sunspot|Climate||FIR|||||12,5",18,Time-series data prediction based on reconstruction of missing samples and selective ensembling of FIR neural networks,Sunspot,Climate,,FIR,,,,,"12,5",12.5,10-20%,,RMD-FSE,1,NRMSE,RMD-FSE(1)
18|Sunspot|Climate||FIR|||||15,18,Time-series data prediction based on reconstruction of missing samples and selective ensembling of FIR neural networks,Sunspot,Climate,,FIR,,,,,15,15.0,10-20%,,RMD-FSE,1,NRMSE,RMD-FSE(1)
"18|BanLuang|Climate||FIR|||||2,5",18,Time-series data prediction based on reconstruction of missing samples and selective ensembling of FIR neural networks,BanLuang,Climate,,FIR,,,,,"2,5",2.5,0-10%,,RMD-FSE,1,NRMSE,RMD-FSE(1)
18|BanLuang|Climate||FIR|||||5,18,Time-series data prediction based on reconstruction of missing samples and selective ensembling of FIR neural networks,BanLuang,Climate,,FIR,,,,,5,5.0,0-10%,,RMD-FSE,1,NRMSE,RMD-FSE(1)
"18|BanLuang|Climate||FIR|||||7,5",18,Time-series data prediction based on reconstruction of missing samples and selective ensembling of FIR neural networks,BanLuang,Climate,,FIR,,,,,"7,5",7.5,0-10%,,RMD-FSE,1,NRMSE,RMD-FSE(1)
18|BanLuang|Climate||FIR|||||10,18,Time-series data prediction based on reconstruction of missing samples and selective ensembling of FIR neural networks,BanLuang,Climate,,FIR,,,,,10,10.0,10-20%,,RMD-FSE,1,NRMSE,RMD-FSE(1)
"18|BanLuang|Climate||FIR|||||12,5",18,Time-series data prediction based on reconstruction of missing samples and selective ensembling of FIR neural networks,BanLuang,Climate,,FIR,,,,,"12,5",12.5,10-20%,,RMD-FSE,1,NRMSE,RMD-FSE(1)
18|BanLuang|Climate||FIR|||||15,18,Time-series data prediction based on reconstruction of missing samples and selective ensembling of FIR neural networks,BanLuang,Climate,,FIR,,,,,15,15.0,10-20%,,RMD-FSE,1,NRMSE,RMD-FSE(1)
19|BosniaDam|Endurance||Not specified|||||,19,Multilevel prediction of missing time series dam displacements data based on artificial neural networks voting evaluation,BosniaDam,Endurance,,Not specified,,,,,,,nieznany,brak_wartosci,(A)NN,1,MAE,(A)NN(1)
21|Exchange-Rate|Finance||Not specified|||||,21,Robust Time Series Prediction with Missing Data Based on Deep Convolutional Neural Networks,Exchange-Rate,Finance,,Not specified,,,,,,,nieznany,brak_wartosci,M-LSTNet,2,CORR;RSE,M-LSTNet(2)
22|Not specified|Not specified||AR|||||0,22,Any-Time Methods for Time-Series Prediction with Missing Observations,Not specified,Not specified,,AR,,,,,0,0.0,0-10%,,AERR,2,MSE,AERR(1);AELR(1)
22|Not specified|Not specified||AR|||||10,22,Any-Time Methods for Time-Series Prediction with Missing Observations,Not specified,Not specified,,AR,,,,,10,10.0,10-20%,,AERR,2,MSE,AERR(1);AELR(1)
22|Not specified|Not specified||AR|||||20,22,Any-Time Methods for Time-Series Prediction with Missing Observations,Not specified,Not specified,,AR,,,,,20,20.0,20-30%,,AERR,2,MSE,AERR(1);AELR(1)
22|Not specified|Not specified||AR|||||30,22,Any-Time Methods for Time-Series Prediction with Missing Observations,Not specified,Not specified,,AR,,,,,30,30.0,30-40%,,AERR,2,MSE,AERR(1);AELR(1)
23|Sunspot|Climate||(A)NN|||||,23,Nonlinear Time-Series Prediction with Missing and Noisy Data,Sunspot,Climate,,(A)NN,,,,,,,nieznany,brak_wartosci,Stochastic Simulation,1,MSE,Stochastic Simulation(1)
24|Not specified|Not specified||(A)NN|||||,24,Time series prediction with missing values: a bidirectional fully connected neural network approach,Not specified,Not specified,,(A)NN,,,,,,,nieznany,brak_wartosci,Bi-FCNN,5,RMSE,Bi-FCNN(5)
61|Self-generated|Medicine||(A)NN|||||,61,End-to-end Multi-task Learning of Missing Value Imputation and Forecasting in Time-Series Data,Self-generated,Medicine,,(A)NN,,,,,,,nieznany,brak_wartosci,GAN,1,AUC,GAN(1)
62|CATS|Finance||AR|||||,62,Double quantization forecasting method for filling missing data in the CATS time series,CATS,Finance,,AR,,,,,,,nieznany,brak_wartosci,DVQ,1,MSE,DVQ(1)
63|ChinaEndMonth|Endurance||Not specified|||||,63,Missing Data Dynamic Forecasting of Fuzzy Time Series Based on Gaussian Mixture Model,ChinaEndMonth,Endurance,,Not specified,,,,,,,nieznany,brak_wartosci,GFTS,1,RMSE,GFTS(1)
63|ChinaIndustrial|Endurance||Not specified|||||,63,Missing Data Dynamic Forecasting of Fuzzy Time Series Based on Gaussian Mixture Model,ChinaIndustrial,Endurance,,Not specified,,,,,,,nieznany,brak_wartosci,GFTS,1,RMSE,GFTS(1)
64|METR-LA|Traffic||STID|||||25,64,GinAR+: A Robust End-to-End Framework for Multivariate Time Series Forecasting With Missing Values,METR-LA,Traffic,,STID,,,,,25,25.0,20-30%,,IA+CL,1,MAE,IA+CL(1)
64|METR-LA|Traffic||STID|||||50,64,GinAR+: A Robust End-to-End Framework for Multivariate Time Series Forecasting With Missing Values,METR-LA,Traffic,,STID,,,,,50,50.0,50-60%,,IA+CL,1,MAE,IA+CL(1)
64|METR-LA|Traffic||STID|||||75,64,GinAR+: A Robust End-to-End Framework for Multivariate Time Series Forecasting With Missing Values,METR-LA,Traffic,,STID,,,,,75,75.0,70-80%,,IA+CL,1,MAE,IA+CL(1)
64|METR-LA|Traffic||STID|||||90,64,GinAR+: A Robust End-to-End Framework for Multivariate Time Series Forecasting With Missing Values,METR-LA,Traffic,,STID,,,,,90,90.0,90-100%,,IA+CL,1,MAE,IA+CL(1)
64|PEMS08|Traffic||STID|||||25,64,GinAR+: A Robust End-to-End Framework for Multivariate Time Series Forecasting With Missing Values,PEMS08,Traffic,,STID,,,,,25,25.0,20-30%,,IA+CL,1,MAE,IA+CL(1)
64|PEMS08|Traffic||STID|||||50,64,GinAR+: A Robust End-to-End Framework for Multivariate Time Series Forecasting With Missing Values,PEMS08,Traffic,,STID,,,,,50,50.0,50-60%,,IA+CL,1,MAE,IA+CL(1)
64|PEMS08|Traffic||STID|||||75,64,GinAR+: A Robust End-to-End Framework for Multivariate Time Series Forecasting With Missing Values,PEMS08,Traffic,,STID,,,,,75,75.0,70-80%,,IA+CL,1,MAE,IA+CL(1)
64|PEMS08|Traffic||STID|||||90,64,GinAR+: A Robust End-to-End Framework for Multivariate Time Series Forecasting With Missing Values,PEMS08,Traffic,,STID,,,,,90,90.0,90-100%,,IA+CL,1,MAE,IA+CL(1)
64|China AQI|Climate||STID|||||25,64,GinAR+: A Robust End-to-End Framework for Multivariate Time Series Forecasting With Missing Values,China AQI,Climate,,STID,,,,,25,25.0,20-30%,,IA+CL,1,MAE,IA+CL(1)
64|China AQI|Climate||STID|||||50,64,GinAR+: A Robust End-to-End Framework for Multivariate Time Series Forecasting With Missing Values,China AQI,Climate,,STID,,,,,50,50.0,50-60%,,IA+CL,1,MAE,IA+CL(1)
64|China AQI|Climate||STID|||||75,64,GinAR+: A Robust End-to-End Framework for Multivariate Time Series Forecasting With Missing Values,China AQI,Climate,,STID,,,,,75,75.0,70-80%,,IA+CL,1,MAE,IA+CL(1)
64|China AQI|Climate||STID|||||90,64,GinAR+: A Robust End-to-End Framework for Multivariate Time Series Forecasting With Missing Values,China AQI,Climate,,STID,,,,,90,90.0,90-100%,,IA+CL,1,MAE,IA+CL(1)
77||||LIFE|||||,77,LIFE: Learning Individual Features for Multivariate Time Series Prediction with Missing Values,,,,LIFE,,,,,,,nieznany,brak_wartosci,CME-PDTW,1,AUC,CME-PDTW(1)
78|MIMIC-III|Chemical||Not specified|||||,78,MTSSP: Missing Value Imputation in Multivariate Time Series for Survival Prediction,MIMIC-III,Chemical,,Not specified,,,,,,,nieznany,brak_wartosci,MTSSP,1,RMSE,MTSSP(1)
78|MIMIC-IV|Chemical||Not specified|||||,78,MTSSP: Missing Value Imputation in Multivariate Time Series for Survival Prediction,MIMIC-IV,Chemical,,Not specified,,,,,,,nieznany,brak_wartosci,MTSSP,1,RMSE,MTSSP(1)
107|Imcheon-myeon|Climate||Not specified||1hr|||,107,The Development of an LSTM Model to Predict Time Series Missing Data of Air Temperature inside Fattening Pig Houses,Imcheon-myeon,Climate,,Not specified,,1hr,,,,,nieznany,brak_wartosci,Bi-LSTM,2,MAPE;RMSE,Bi-LSTM(2)
107|Imcheon-myeon|Climate||Not specified|reverse|2hr|||,107,The Development of an LSTM Model to Predict Time Series Missing Data of Air Temperature inside Fattening Pig Houses,Imcheon-myeon,Climate,,Not specified,reverse,2hr,,,,,nieznany,brak_wartosci,LSTM,2,MAPE;RMSE,LSTM(2)
107|Imcheon-myeon|Climate||Not specified|reverse|3hr|||,107,The Development of an LSTM Model to Predict Time Series Missing Data of Air Temperature inside Fattening Pig Houses,Imcheon-myeon,Climate,,Not specified,reverse,3hr,,,,,nieznany,brak_wartosci,Bi-LSTM,2,MAPE;RMSE,Bi-LSTM(2)
107|Imcheon-myeon|Climate||Not specified|reverse|6hr|||,107,The Development of an LSTM Model to Predict Time Series Missing Data of Air Temperature inside Fattening Pig Houses,Imcheon-myeon,Climate,,Not specified,reverse,6hr,,,,,nieznany,brak_wartosci,Bi-LSTM,2,MAPE;RMSE,Bi-LSTM(2)
107|Imcheon-myeon|Climate||Not specified|reverse|9hr|||,107,The Development of an LSTM Model to Predict Time Series Missing Data of Air Temperature inside Fattening Pig Houses,Imcheon-myeon,Climate,,Not specified,reverse,9hr,,,,,nieznany,brak_wartosci,Bi-LSTM,2,MAPE;RMSE,Bi-LSTM(2)
107|Imcheon-myeon|Climate||Not specified|reverse|12hr|||,107,The Development of an LSTM Model to Predict Time Series Missing Data of Air Temperature inside Fattening Pig Houses,Imcheon-myeon,Climate,,Not specified,reverse,12hr,,,,,nieznany,brak_wartosci,Bi-LSTM,2,MAPE;RMSE,Bi-LSTM(2)
107|Imcheon-myeon|Climate||Not specified|reverse|24hr|||,107,The Development of an LSTM Model to Predict Time Series Missing Data of Air Temperature inside Fattening Pig Houses,Imcheon-myeon,Climate,,Not specified,reverse,24hr,,,,,nieznany,brak_wartosci,Bi-LSTM,2,MAPE;RMSE,Bi-LSTM(2)
107|Imcheon-myeon|Climate||Not specified|mape: reverse|36hr|||,107,The Development of an LSTM Model to Predict Time Series Missing Data of Air Temperature inside Fattening Pig Houses,Imcheon-myeon,Climate,,Not specified,mape: reverse,36hr,,,,,nieznany,brak_wartosci,LSTM/Bi-LSTM,2,MAPE;RMSE,LSTM/Bi-LSTM(1);LSTM(1)
107|Imcheon-myeon|Climate||Not specified|reverse|48hr|||,107,The Development of an LSTM Model to Predict Time Series Missing Data of Air Temperature inside Fattening Pig Houses,Imcheon-myeon,Climate,,Not specified,reverse,48hr,,,,,nieznany,brak_wartosci,LSTM,2,MAPE;RMSE,LSTM(2)
121|Self-generated|Not specified||Not specified|||||10,121,Reconstruction and Prediction of Chaotic Time Series with Missing Data: Leveraging Dynamical Correlations Between Variables,Self-generated,Not specified,,Not specified,,,,,10,10.0,10-20%,,LNS_PM,8,MAPE;RMSE,LNS_PM(5);DeepVar(3)
121|Self-generated|Not specified||Not specified|||||20,121,Reconstruction and Prediction of Chaotic Time Series with Missing Data: Leveraging Dynamical Correlations Between Variables,Self-generated,Not specified,,Not specified,,,,,20,20.0,20-30%,,LNS_PM,8,MAPE;RMSE,LNS_PM(5);DeepVar(2);LNS_PM/NST(1)
121|Self-generated|Not specified||Not specified|||||30,121,Reconstruction and Prediction of Chaotic Time Series with Missing Data: Leveraging Dynamical Correlations Between Variables,Self-generated,Not specified,,Not specified,,,,,30,30.0,30-40%,,LNS_PM,8,MAPE;RMSE,LNS_PM(6);DeepVar(2)
121|Self-generated|Not specified||Not specified|||||40,121,Reconstruction and Prediction of Chaotic Time Series with Missing Data: Leveraging Dynamical Correlations Between Variables,Self-generated,Not specified,,Not specified,,,,,40,40.0,40-50%,,LNS_PM,8,MAPE;RMSE,LNS_PM(6);DeepVar(2)
121|Self-generated|Not specified||Not specified|||||50,121,Reconstruction and Prediction of Chaotic Time Series with Missing Data: Leveraging Dynamical Correlations Between Variables,Self-generated,Not specified,,Not specified,,,,,50,50.0,50-60%,,LNS_PM,8,MAPE;RMSE,LNS_PM(8)
129|WTI|Finance||Not specified||168h|1||,129,Denoising or distortion: Does decomposition-reconstruction modeling paradigm provide a reliable prediction for crude oil price time series?,WTI,Finance,,Not specified,,168h,1,,,,nieznany,brak_wartosci,EEMD-RVFL,5,Dstat;MAE;MAPE;MASE;RMSE,EEMD-RVFL(5)
129|WTI|Finance||Not specified||168h|2||,129,Denoising or distortion: Does decomposition-reconstruction modeling paradigm provide a reliable prediction for crude oil price time series?,WTI,Finance,,Not specified,,168h,2,,,,nieznany,brak_wartosci,EEMD-RVFL,5,Dstat;MAE;MAPE;MASE;RMSE,EEMD-RVFL(5)
129|WTI|Finance||Not specified||168h|3||,129,Denoising or distortion: Does decomposition-reconstruction modeling paradigm provide a reliable prediction for crude oil price time series?,WTI,Finance,,Not specified,,168h,3,,,,nieznany,brak_wartosci,EEMD-RVFL,5,Dstat;MAE;MAPE;MASE;RMSE,EEMD-RVFL(3);R-VMD-RVFL(1);BP(1)
129|WTI|Finance||Not specified||720h|1||,129,Denoising or distortion: Does decomposition-reconstruction modeling paradigm provide a reliable prediction for crude oil price time series?,WTI,Finance,,Not specified,,720h,1,,,,nieznany,brak_wartosci,EEMD-RVFL,5,Dstat;MAE;MAPE;MASE;RMSE,EEMD-RVFL(5)
129|WTI|Finance||Not specified||720h|2||,129,Denoising or distortion: Does decomposition-reconstruction modeling paradigm provide a reliable prediction for crude oil price time series?,WTI,Finance,,Not specified,,720h,2,,,,nieznany,brak_wartosci,EEMD-RVFL,5,Dstat;MAE;MAPE;MASE;RMSE,EEMD-RVFL(4);R-VMD-RVFL(1)
129|WTI|Finance||Not specified||720h|3||,129,Denoising or distortion: Does decomposition-reconstruction modeling paradigm provide a reliable prediction for crude oil price time series?,WTI,Finance,,Not specified,,720h,3,,,,nieznany,brak_wartosci,R-VMD-RVFL,5,Dstat;MAE;MAPE;MASE;RMSE,R-VMD-RVFL(4);EEMD-RVFL(1)
158|Self-generated|Electrical||FPLSIM+kNN|||||~17,158,kNN estimators for time series prediction: a functional partial linear single index model with missing responses and error-prone covariates,Self-generated,Electrical,,FPLSIM+kNN,,,,,~17,,nieznany,nienumeryczna_wartosc,IMPWE,1,MSE,IMPWE(1)
158|Self-generated|Electrical||FPLSIM+kNN|||||~45,158,kNN estimators for time series prediction: a functional partial linear single index model with missing responses and error-prone covariates,Self-generated,Electrical,,FPLSIM+kNN,,,,,~45,,nieznany,nienumeryczna_wartosc,IMPWE,1,MSE,IMPWE(1)
158|Self-generated|Electrical||FPLSIM+Kernel|||||~17,158,kNN estimators for time series prediction: a functional partial linear single index model with missing responses and error-prone covariates,Self-generated,Electrical,,FPLSIM+Kernel,,,,,~17,,nieznany,nienumeryczna_wartosc,KNN Impute,1,MSE,KNN Impute(1)
158|Self-generated|Electrical||FPLSIM+Kernel|||||~45,158,kNN estimators for time series prediction: a functional partial linear single index model with missing responses and error-prone covariates,Self-generated,Electrical,,FPLSIM+Kernel,,,,,~45,,nieznany,nienumeryczna_wartosc,KNN Impute,1,MSE,KNN Impute(1)
"158|Annual Energy Review|Electrical||FPLSIM+kNN|||||10,2",158,kNN estimators for time series prediction: a functional partial linear single index model with missing responses and error-prone covariates,Annual Energy Review,Electrical,,FPLSIM+kNN,,,,,"10,2",10.2,10-20%,,IMPWE,1,MSE,IMPWE(1)
"158|Annual Energy Review|Electrical||FPLSIM+kNN|||||22,4",158,kNN estimators for time series prediction: a functional partial linear single index model with missing responses and error-prone covariates,Annual Energy Review,Electrical,,FPLSIM+kNN,,,,,"22,4",22.4,20-30%,,IMPWE,1,MSE,IMPWE(1)
"158|Annual Energy Review|Electrical||FPLSIM+kNN|||||30,6",158,kNN estimators for time series prediction: a functional partial linear single index model with missing responses and error-prone covariates,Annual Energy Review,Electrical,,FPLSIM+kNN,,,,,"30,6",30.6,30-40%,,KNN Impute,1,MSE,KNN Impute(1)
"158|Annual Energy Review|Electrical||FPLSIM+kNN|||||40,8",158,kNN estimators for time series prediction: a functional partial linear single index model with missing responses and error-prone covariates,Annual Energy Review,Electrical,,FPLSIM+kNN,,,,,"40,8",40.8,40-50%,,KNN Impute,1,MSE,KNN Impute(1)
"158|Annual Energy Review|Electrical||FPLSIM+Kernel|||||10,2",158,kNN estimators for time series prediction: a functional partial linear single index model with missing responses and error-prone covariates,Annual Energy Review,Electrical,,FPLSIM+Kernel,,,,,"10,2",10.2,10-20%,,KNN Impute,1,MSE,KNN Impute(1)
"158|Annual Energy Review|Electrical||FPLSIM+Kernel|||||22,4",158,kNN estimators for time series prediction: a functional partial linear single index model with missing responses and error-prone covariates,Annual Energy Review,Electrical,,FPLSIM+Kernel,,,,,"22,4",22.4,20-30%,,KNN Impute,1,MSE,KNN Impute(1)
"158|Annual Energy Review|Electrical||FPLSIM+Kernel|||||30,6",158,kNN estimators for time series prediction: a functional partial linear single index model with missing responses and error-prone covariates,Annual Energy Review,Electrical,,FPLSIM+Kernel,,,,,"30,6",30.6,30-40%,,KNN Impute,1,MSE,KNN Impute(1)
"158|Annual Energy Review|Electrical||FPLSIM+Kernel|||||40,8",158,kNN estimators for time series prediction: a functional partial linear single index model with missing responses and error-prone covariates,Annual Energy Review,Electrical,,FPLSIM+Kernel,,,,,"40,8",40.8,40-50%,,IMPWE,1,MSE,IMPWE(1)
165|ETT|||Transformer|||||5,165,An improved self-attention for long-sequence time-series data forecasting with missing values,ETT,,,Transformer,,,,,5,5.0,0-10%,,Decay attention,4,MAE;MSE;RMSE;RSquare,Decay attention(4)
165|ETT|||Transformer|||||25,165,An improved self-attention for long-sequence time-series data forecasting with missing values,ETT,,,Transformer,,,,,25,25.0,20-30%,,Decay attention,2,MAE;MSE,Decay attention(2)
165|ETT|||Informer|||||5,165,An improved self-attention for long-sequence time-series data forecasting with missing values,ETT,,,Informer,,,,,5,5.0,0-10%,,No imputation,4,MAE;MSE;RMSE;RSquare,No imputation(4)
165|ETT|||Autoformer|||||5,165,An improved self-attention for long-sequence time-series data forecasting with missing values,ETT,,,Autoformer,,,,,5,5.0,0-10%,,Decay attention,4,MAE;MSE;RMSE;RSquare,Decay attention(4)
165|ECL|||Transformer|||||5,165,An improved self-attention for long-sequence time-series data forecasting with missing values,ECL,,,Transformer,,,,,5,5.0,0-10%,,Decay attention,4,MAE;MSE;RMSE;RSquare,Decay attention(4)
165|ECL|||Informer|||||5,165,An improved self-attention for long-sequence time-series data forecasting with missing values,ECL,,,Informer,,,,,5,5.0,0-10%,,No imputation,4,MAE;MSE;RMSE;RSquare,No imputation(4)
165|ECL|||Autoformer|||||5,165,An improved self-attention for long-sequence time-series data forecasting with missing values,ECL,,,Autoformer,,,,,5,5.0,0-10%,,No imputation,4,MAE;MSE;RMSE;RSquare,No imputation(4)
165|WTH|||Transformer|||||5,165,An improved self-attention for long-sequence time-series data forecasting with missing values,WTH,,,Transformer,,,,,5,5.0,0-10%,,Decay attention,4,MAE;MSE;RMSE;RSquare,Decay attention(4)
165|WTH|||Informer|||||5,165,An improved self-attention for long-sequence time-series data forecasting with missing values,WTH,,,Informer,,,,,5,5.0,0-10%,,No imputation,4,MAE;MSE;RMSE;RSquare,No imputation(3);Decay attention(1)
165|WTH|||Autoformer|||||5,165,An improved self-attention for long-sequence time-series data forecasting with missing values,WTH,,,Autoformer,,,,,5,5.0,0-10%,,Decay attention,4,MAE;MSE;RMSE;RSquare,Decay attention(3);No imputation(1)
165|Exchange Rate|||Transformer|||||5,165,An improved self-attention for long-sequence time-series data forecasting with missing values,Exchange Rate,,,Transformer,,,,,5,5.0,0-10%,,Decay attention,4,MAE;MSE;RMSE;RSquare,Decay attention(4)
165|Exchange Rate|||Informer|||||5,165,An improved self-attention for long-sequence time-series data forecasting with missing values,Exchange Rate,,,Informer,,,,,5,5.0,0-10%,,No imputation,4,MAE;MSE;RMSE;RSquare,No imputation(4)
165|Exchange Rate|||Autoformer|||||5,165,An improved self-attention for long-sequence time-series data forecasting with missing values,Exchange Rate,,,Autoformer,,,,,5,5.0,0-10%,,No imputation,4,MAE;MSE;RMSE;RSquare,No imputation(3);Decay attention(1)
165|Influenza-Like Illness|||Transformer|||||5,165,An improved self-attention for long-sequence time-series data forecasting with missing values,Influenza-Like Illness,,,Transformer,,,,,5,5.0,0-10%,,Decay attention,4,MAE;MSE;RMSE;RSquare,Decay attention(4)
165|Influenza-Like Illness|||Informer|||||5,165,An improved self-attention for long-sequence time-series data forecasting with missing values,Influenza-Like Illness,,,Informer,,,,,5,5.0,0-10%,,Decay attention,4,MAE;MSE;RMSE;RSquare,Decay attention(4)
165|Influenza-Like Illness|||Autoformer|||||5,165,An improved self-attention for long-sequence time-series data forecasting with missing values,Influenza-Like Illness,,,Autoformer,,,,,5,5.0,0-10%,,Decay attention,4,MAE;MSE;RMSE;RSquare,Decay attention(3);No imputation(1)
283|NN3|||FFNN|||||10,283,Forward and backward forecasting ensembles for the estimation of time series missing data,NN3,,,FFNN,,,,,10,10.0,10-20%,,Ensemble (Forward + Backward),1,SMAPE,Ensemble (Forward + Backward)(1)
283|NN3|||FFNN|||||20,283,Forward and backward forecasting ensembles for the estimation of time series missing data,NN3,,,FFNN,,,,,20,20.0,20-30%,,Ensemble (Forward + Backward),1,SMAPE,Ensemble (Forward + Backward)(1)
283|NN3|||FFNN|||||30,283,Forward and backward forecasting ensembles for the estimation of time series missing data,NN3,,,FFNN,,,,,30,30.0,30-40%,,Ensemble (Forward + Backward),1,SMAPE,Ensemble (Forward + Backward)(1)
283|NN3|||FFNN|||||40,283,Forward and backward forecasting ensembles for the estimation of time series missing data,NN3,,,FFNN,,,,,40,40.0,40-50%,,Ensemble (Forward + Backward),1,SMAPE,Ensemble (Forward + Backward)(1)
283|M3|||FFNN|||||10,283,Forward and backward forecasting ensembles for the estimation of time series missing data,M3,,,FFNN,,,,,10,10.0,10-20%,,Ensemble (Forward + Backward),1,SMAPE,Ensemble (Forward + Backward)(1)
283|M3|||FFNN|||||20,283,Forward and backward forecasting ensembles for the estimation of time series missing data,M3,,,FFNN,,,,,20,20.0,20-30%,,Ensemble (Forward + Backward),1,SMAPE,Ensemble (Forward + Backward)(1)
283|M3|||FFNN|||||30,283,Forward and backward forecasting ensembles for the estimation of time series missing data,M3,,,FFNN,,,,,30,30.0,30-40%,,Ensemble (Forward + Backward),1,SMAPE,Ensemble (Forward + Backward)(1)
283|M3|||FFNN|||||40,283,Forward and backward forecasting ensembles for the estimation of time series missing data,M3,,,FFNN,,,,,40,40.0,40-50%,,Ensemble (Forward + Backward),1,SMAPE,Ensemble (Forward + Backward)(1)
283|NN3|||Holt's Expotential Smoothing|||||10,283,Forward and backward forecasting ensembles for the estimation of time series missing data,NN3,,,Holt's Expotential Smoothing,,,,,10,10.0,10-20%,,Ensemble (Forward + Backward),1,SMAPE,Ensemble (Forward + Backward)(1)
283|NN3|||Holt's Expotential Smoothing|||||20,283,Forward and backward forecasting ensembles for the estimation of time series missing data,NN3,,,Holt's Expotential Smoothing,,,,,20,20.0,20-30%,,Ensemble (Forward + Backward),1,SMAPE,Ensemble (Forward + Backward)(1)
283|NN3|||Holt's Expotential Smoothing|||||30,283,Forward and backward forecasting ensembles for the estimation of time series missing data,NN3,,,Holt's Expotential Smoothing,,,,,30,30.0,30-40%,,Ensemble (Forward + Backward),1,SMAPE,Ensemble (Forward + Backward)(1)
283|NN3|||Holt's Expotential Smoothing|||||40,283,Forward and backward forecasting ensembles for the estimation of time series missing data,NN3,,,Holt's Expotential Smoothing,,,,,40,40.0,40-50%,,Ensemble (Forward + Backward),1,SMAPE,Ensemble (Forward + Backward)(1)
283|M3|||Holt's Expotential Smoothing|||||10,283,Forward and backward forecasting ensembles for the estimation of time series missing data,M3,,,Holt's Expotential Smoothing,,,,,10,10.0,10-20%,,Ensemble (Forward + Backward),1,SMAPE,Ensemble (Forward + Backward)(1)
283|M3|||Holt's Expotential Smoothing|||||20,283,Forward and backward forecasting ensembles for the estimation of time series missing data,M3,,,Holt's Expotential Smoothing,,,,,20,20.0,20-30%,,Ensemble (Forward + Backward),1,SMAPE,Ensemble (Forward + Backward)(1)
283|M3|||Holt's Expotential Smoothing|||||30,283,Forward and backward forecasting ensembles for the estimation of time series missing data,M3,,,Holt's Expotential Smoothing,,,,,30,30.0,30-40%,,Ensemble (Forward + Backward),1,SMAPE,Ensemble (Forward + Backward)(1)
283|M3|||Holt's Expotential Smoothing|||||40,283,Forward and backward forecasting ensembles for the estimation of time series missing data,M3,,,Holt's Expotential Smoothing,,,,,40,40.0,40-50%,,Ensemble (Forward + Backward),1,SMAPE,Ensemble (Forward + Backward)(1)
283|NN3|||MA|||||10,283,Forward and backward forecasting ensembles for the estimation of time series missing data,NN3,,,MA,,,,,10,10.0,10-20%,,Ensemble (Forward + Backward),1,SMAPE,Ensemble (Forward + Backward)(1)
283|NN3|||MA|||||20,283,Forward and backward forecasting ensembles for the estimation of time series missing data,NN3,,,MA,,,,,20,20.0,20-30%,,Ensemble (Forward + Backward),1,SMAPE,Ensemble (Forward + Backward)(1)
283|NN3|||MA|||||30,283,Forward and backward forecasting ensembles for the estimation of time series missing data,NN3,,,MA,,,,,30,30.0,30-40%,,Ensemble (Forward + Backward),1,SMAPE,Ensemble (Forward + Backward)(1)
283|NN3|||MA|||||40,283,Forward and backward forecasting ensembles for the estimation of time series missing data,NN3,,,MA,,,,,40,40.0,40-50%,,Ensemble (Forward + Backward),1,SMAPE,Ensemble (Forward + Backward)(1)
283|M3|||MA|||||10,283,Forward and backward forecasting ensembles for the estimation of time series missing data,M3,,,MA,,,,,10,10.0,10-20%,,Ensemble (Forward + Backward),1,SMAPE,Ensemble (Forward + Backward)(1)
283|M3|||MA|||||20,283,Forward and backward forecasting ensembles for the estimation of time series missing data,M3,,,MA,,,,,20,20.0,20-30%,,Ensemble (Forward + Backward),1,SMAPE,Ensemble (Forward + Backward)(1)
283|M3|||MA|||||30,283,Forward and backward forecasting ensembles for the estimation of time series missing data,M3,,,MA,,,,,30,30.0,30-40%,,Ensemble (Forward + Backward),1,SMAPE,Ensemble (Forward + Backward)(1)
283|M3|||MA|||||40,283,Forward and backward forecasting ensembles for the estimation of time series missing data,M3,,,MA,,,,,40,40.0,40-50%,,Ensemble (Forward + Backward),1,SMAPE,Ensemble (Forward + Backward)(1)
284|PSE(Polish Electricity)|||RNN|||||5,284,Period-aware content attention RNNs for time series forecasting with missing values,PSE(Polish Electricity),,,RNN,,,,,5,5.0,0-10%,,PI - mi,1,SMAPE,PI - mi(1)
284|PSE(Polish Electricity)|||RNN|||||10,284,Period-aware content attention RNNs for time series forecasting with missing values,PSE(Polish Electricity),,,RNN,,,,,10,10.0,10-20%,,pi - mi,1,SMAPE,pi - mi(1)
284|PSE(Polish Electricity)|||RNN|||||15,284,Period-aware content attention RNNs for time series forecasting with missing values,PSE(Polish Electricity),,,RNN,,,,,15,15.0,10-20%,,PI - mi,1,SMAPE,PI - mi(1)
284|PSE(Polish Electricity)|||RNN|||||20,284,Period-aware content attention RNNs for time series forecasting with missing values,PSE(Polish Electricity),,,RNN,,,,,20,20.0,20-30%,,pi - mi,1,SMAPE,pi - mi(1)
284|PSE(Polish Electricity)|||RNN|||||30,284,Period-aware content attention RNNs for time series forecasting with missing values,PSE(Polish Electricity),,,RNN,,,,,30,30.0,30-40%,,pi - mi,1,SMAPE,pi - mi(1)
284|PSE(Polish Electricity)|||RNN|||||40,284,Period-aware content attention RNNs for time series forecasting with missing values,PSE(Polish Electricity),,,RNN,,,,,40,40.0,40-50%,,PI - M,1,SMAPE,PI - M(1)
284|PW (Polish Weather)|||RNN|||||5,284,Period-aware content attention RNNs for time series forecasting with missing values,PW (Polish Weather),,,RNN,,,,,5,5.0,0-10%,,pi (pisane ma?ym symbolem),1,SMAPE,pi (pisane ma?ym symbolem)(1)
284|PW (Polish Weather)|||RNN|||||10,284,Period-aware content attention RNNs for time series forecasting with missing values,PW (Polish Weather),,,RNN,,,,,10,10.0,10-20%,,pi (pisane ma?ym symbolem),1,SMAPE,pi (pisane ma?ym symbolem)(1)
284|PW (Polish Weather)|||RNN|||||15,284,Period-aware content attention RNNs for time series forecasting with missing values,PW (Polish Weather),,,RNN,,,,,15,15.0,10-20%,,pi - mi,1,SMAPE,pi - mi(1)
284|PW (Polish Weather)|||RNN|||||20,284,Period-aware content attention RNNs for time series forecasting with missing values,PW (Polish Weather),,,RNN,,,,,20,20.0,20-30%,,PI - M,1,SMAPE,PI - M(1)
284|PW (Polish Weather)|||RNN|||||30,284,Period-aware content attention RNNs for time series forecasting with missing values,PW (Polish Weather),,,RNN,,,,,30,30.0,30-40%,,pi - M,1,SMAPE,pi - M(1)
284|PW (Polish Weather)|||RNN|||||40,284,Period-aware content attention RNNs for time series forecasting with missing values,PW (Polish Weather),,,RNN,,,,,40,40.0,40-50%,,pi (pisane ma?ym symbolem),1,SMAPE,pi (pisane ma?ym symbolem)(1)
284|AQ : Air Quality|||RNN|||||30,284,Period-aware content attention RNNs for time series forecasting with missing values,AQ : Air Quality,,,RNN,,,,,30,30.0,30-40%,,PI - mi,2,MSE;SMAPE,PI - mi(1);PI^m-mi/M(1)
284|AQ : Air Quality|||RNN|||||40,284,Period-aware content attention RNNs for time series forecasting with missing values,AQ : Air Quality,,,RNN,,,,,40,40.0,40-50%,,pi - mi,3,MSE;SMAPE,pi - mi(1);PI^m-mi/M(1);PI^m(1)
284|AEP : Appliances Energy Prediction|||RNN|||||5,284,Period-aware content attention RNNs for time series forecasting with missing values,AEP : Appliances Energy Prediction,,,RNN,,,,,5,5.0,0-10%,,PI - M,2,MSE;SMAPE,PI - M(1);PI^m-mi/M(1)
284|AEP : Appliances Energy Prediction|||RNN|||||10,284,Period-aware content attention RNNs for time series forecasting with missing values,AEP : Appliances Energy Prediction,,,RNN,,,,,10,10.0,10-20%,,pi - M,2,MSE;SMAPE,pi - M(1);PI^m-mi/M(1)
284|AEP : Appliances Energy Prediction|||RNN|||||15,284,Period-aware content attention RNNs for time series forecasting with missing values,AEP : Appliances Energy Prediction,,,RNN,,,,,15,15.0,10-20%,,Standard attention mechanism,2,MSE;SMAPE,Standard attention mechanism(2)
284|AEP : Appliances Energy Prediction|||RNN|||||20,284,Period-aware content attention RNNs for time series forecasting with missing values,AEP : Appliances Energy Prediction,,,RNN,,,,,20,20.0,20-30%,,Standard attention mechanism,2,MSE;SMAPE,Standard attention mechanism(2)
284|AEP : Appliances Energy Prediction|||RNN|||||30,284,Period-aware content attention RNNs for time series forecasting with missing values,AEP : Appliances Energy Prediction,,,RNN,,,,,30,30.0,30-40%,,Standard attention mechanism,2,MSE;SMAPE,Standard attention mechanism(2)
284|AEP : Appliances Energy Prediction|||RNN|||||40,284,Period-aware content attention RNNs for time series forecasting with missing values,AEP : Appliances Energy Prediction,,,RNN,,,,,40,40.0,40-50%,,pi - mi,2,MSE;SMAPE,pi - mi(1);PI^m-mi/M(1)
284|OLD : Ozone Level Detection|||RNN|||||5,284,Period-aware content attention RNNs for time series forecasting with missing values,OLD : Ozone Level Detection,,,RNN,,,,,5,5.0,0-10%,,pi (pisane ma?ym symbolem),2,MSE;SMAPE,pi (pisane ma?ym symbolem)(1);PI^m-mi/M(1)
284|OLD : Ozone Level Detection|||RNN|||||10,284,Period-aware content attention RNNs for time series forecasting with missing values,OLD : Ozone Level Detection,,,RNN,,,,,10,10.0,10-20%,,PI (pisane wielkim symbolem),2,MSE;SMAPE,PI (pisane wielkim symbolem)(1);PI^m-mi/M(1)
284|OLD : Ozone Level Detection|||RNN|||||15,284,Period-aware content attention RNNs for time series forecasting with missing values,OLD : Ozone Level Detection,,,RNN,,,,,15,15.0,10-20%,,PI (pisane wielkim symbolem),2,MSE;SMAPE,PI (pisane wielkim symbolem)(1);Standard attention mechanism(1)
284|OLD : Ozone Level Detection|||RNN|||||20,284,Period-aware content attention RNNs for time series forecasting with missing values,OLD : Ozone Level Detection,,,RNN,,,,,20,20.0,20-30%,,PI (pisane wielkim symbolem),2,MSE;SMAPE,PI (pisane wielkim symbolem)(1);PI^m(1)
284|OLD : Ozone Level Detection|||RNN|||||30,284,Period-aware content attention RNNs for time series forecasting with missing values,OLD : Ozone Level Detection,,,RNN,,,,,30,30.0,30-40%,,PI (pisane wielkim symbolem),2,MSE;SMAPE,PI (pisane wielkim symbolem)(1);PI^m-mi/M(1)
284|OLD : Ozone Level Detection|||RNN|||||40,284,Period-aware content attention RNNs for time series forecasting with missing values,OLD : Ozone Level Detection,,,RNN,,,,,40,40.0,40-50%,,PI - M,2,MSE;SMAPE,PI - M(1);PI^m-mi/M(1)
284|NAB (Numenta Anomaly Benchmark)|||RNN|||||5,284,Period-aware content attention RNNs for time series forecasting with missing values,NAB (Numenta Anomaly Benchmark),,,RNN,,,,,5,5.0,0-10%,,PI - mi,1,SMAPE,PI - mi(1)
284|NAB (Numenta Anomaly Benchmark)|||RNN|||||10,284,Period-aware content attention RNNs for time series forecasting with missing values,NAB (Numenta Anomaly Benchmark),,,RNN,,,,,10,10.0,10-20%,,pi - M,1,SMAPE,pi - M(1)
284|NAB (Numenta Anomaly Benchmark)|||RNN|||||15,284,Period-aware content attention RNNs for time series forecasting with missing values,NAB (Numenta Anomaly Benchmark),,,RNN,,,,,15,15.0,10-20%,,pi - M,1,SMAPE,pi - M(1)
284|NAB (Numenta Anomaly Benchmark)|||RNN|||||20,284,Period-aware content attention RNNs for time series forecasting with missing values,NAB (Numenta Anomaly Benchmark),,,RNN,,,,,20,20.0,20-30%,,Standard attention mechanism,1,SMAPE,Standard attention mechanism(1)
284|NAB (Numenta Anomaly Benchmark)|||RNN|||||30,284,Period-aware content attention RNNs for time series forecasting with missing values,NAB (Numenta Anomaly Benchmark),,,RNN,,,,,30,30.0,30-40%,,pi - M,1,SMAPE,pi - M(1)
284|NAB (Numenta Anomaly Benchmark)|||RNN|||||40,284,Period-aware content attention RNNs for time series forecasting with missing values,NAB (Numenta Anomaly Benchmark),,,RNN,,,,,40,40.0,40-50%,,pi - mi,1,SMAPE,pi - mi(1)
285|ENR|||ARIMA|||||,285,Using forecast modelling to evaluate treatment effects in single-group interrupted time series analysis,ENR,,,ARIMA,,,,,,,nieznany,brak_wartosci,ARIMA,3,BIC;MAD;MAPE,ARIMA(3)
285|ENR|||Holt-Winters|||||,285,Using forecast modelling to evaluate treatment effects in single-group interrupted time series analysis,ENR,,,Holt-Winters,,,,,,,nieznany,brak_wartosci,Holt-Winters,3,BIC;MAD;MAPE,Holt-Winters(3)
286|California'a Proposition 99|||ARIMA (Interrupted ARIMA)|||||,286,Forecasting Construction Cost Index Using Interrupted Time-Series,California'a Proposition 99,,,ARIMA (Interrupted ARIMA),,,,,,,nieznany,brak_wartosci,Intervension Analysis,3,MAE;MAPE;RMSE,Intervension Analysis(3)
297|ASE|||ARIMA|||||not given,297,Forecasting etimated missing time series data,ASE,,,ARIMA,,,,,not given,,nieznany,nienumeryczna_wartosc,ARIMA with Filtering,2,MSE;RMSE,ARIMA with Filtering(2)
300|Generated|||Setting 1 (sanity check)|||||10%,300,Online time series prediction with missing data,Generated,,,Setting 1 (sanity check),,,,,10%,,nieznany,nienumeryczna_wartosc,ARLSimpute,1,MSE,ARLSimpute(1)
300|Generated|||Setting 1 (sanity check)|||||20%,300,Online time series prediction with missing data,Generated,,,Setting 1 (sanity check),,,,,20%,,nieznany,nienumeryczna_wartosc,EM (Kalman Filter),1,MSE,EM (Kalman Filter)(1)
300|Generated|||AR mixture|||||10%,300,Online time series prediction with missing data,Generated,,,AR mixture,,,,,10%,,nieznany,nienumeryczna_wartosc,Author's algorithm,1,MSE,Author's algorithm(1)
300|Generated|||AR mixture|||||20%,300,Online time series prediction with missing data,Generated,,,AR mixture,,,,,20%,,nieznany,nienumeryczna_wartosc,EM (Kalman Filter),1,MSE,EM (Kalman Filter)(1)
300|Generated|||heteroscedasticity|||||10%,300,Online time series prediction with missing data,Generated,,,heteroscedasticity,,,,,10%,,nieznany,nienumeryczna_wartosc,Author's Algorithm,1,MSE,Author's Algorithm(1)
300|Generated|||heteroscedasticity|||||20%,300,Online time series prediction with missing data,Generated,,,heteroscedasticity,,,,,20%,,nieznany,nienumeryczna_wartosc,Author's Algorithm,1,MSE,Author's Algorithm(1)
302|||||||||,302,Improvement of forecasting robustness of time series model for thermal error on CNC machine tool,,,,,,,,,,,nieznany,brak_wartosci,ALIX,3,MSD;Maximum Absolute Error;RMSE,ALIX(3)
372|||||||||,372,Missing data and forecasting in multivariate time series: An application of the common components dynamic linear model,,,,,,,,,,,nieznany,brak_wartosci,DLMCC,5,Log-likelihood;Log-likelihood ratio;MAD;MSE;RMSE,DLMCC(5)
76|Motes|||Not specified|||||50,76,An Efficient Missing Data Prediction Method Based on Kronecker Compressive Sensing in Multivariable Time Series,Motes,,,Not specified,,,,,50,50.0,50-60%,,SBL,1,RMSE,SBL(1)
76|Motes|||Not specified|||||80,76,An Efficient Missing Data Prediction Method Based on Kronecker Compressive Sensing in Multivariable Time Series,Motes,,,Not specified,,,,,80,80.0,80-90%,,SBL,1,RMSE,SBL(1)
76|Motes|||Not specified|||||90,76,An Efficient Missing Data Prediction Method Based on Kronecker Compressive Sensing in Multivariable Time Series,Motes,,,Not specified,,,,,90,90.0,90-100%,,SBL,1,RMSE,SBL(1)
76|Motes|||Not specified|||||95,76,An Efficient Missing Data Prediction Method Based on Kronecker Compressive Sensing in Multivariable Time Series,Motes,,,Not specified,,,,,95,95.0,90-100%,,SBL,1,RMSE,SBL(1)
76|GSA|||Not specified|||||50,76,An Efficient Missing Data Prediction Method Based on Kronecker Compressive Sensing in Multivariable Time Series,GSA,,,Not specified,,,,,50,50.0,50-60%,,SBL,1,RMSE,SBL(1)
76|GSA|||Not specified|||||80,76,An Efficient Missing Data Prediction Method Based on Kronecker Compressive Sensing in Multivariable Time Series,GSA,,,Not specified,,,,,80,80.0,80-90%,,SBL,1,RMSE,SBL(1)
76|GSA|||Not specified|||||90,76,An Efficient Missing Data Prediction Method Based on Kronecker Compressive Sensing in Multivariable Time Series,GSA,,,Not specified,,,,,90,90.0,90-100%,,SBL,1,RMSE,SBL(1)
76|GSA|||Not specified|||||95,76,An Efficient Missing Data Prediction Method Based on Kronecker Compressive Sensing in Multivariable Time Series,GSA,,,Not specified,,,,,95,95.0,90-100%,,SBL,1,RMSE,SBL(1)
76|Sea-Surface Temperature|||Not specified|||||50,76,An Efficient Missing Data Prediction Method Based on Kronecker Compressive Sensing in Multivariable Time Series,Sea-Surface Temperature,,,Not specified,,,,,50,50.0,50-60%,,SBL,1,RMSE,SBL(1)
76|Sea-Surface Temperature|||Not specified|||||80,76,An Efficient Missing Data Prediction Method Based on Kronecker Compressive Sensing in Multivariable Time Series,Sea-Surface Temperature,,,Not specified,,,,,80,80.0,80-90%,,SBL,1,RMSE,SBL(1)
76|Sea-Surface Temperature|||Not specified|||||90,76,An Efficient Missing Data Prediction Method Based on Kronecker Compressive Sensing in Multivariable Time Series,Sea-Surface Temperature,,,Not specified,,,,,90,90.0,90-100%,,SBL,1,RMSE,SBL(1)
76|Sea-Surface Temperature|||Not specified|||||95,76,An Efficient Missing Data Prediction Method Based on Kronecker Compressive Sensing in Multivariable Time Series,Sea-Surface Temperature,,,Not specified,,,,,95,95.0,90-100%,,SBL,1,RMSE,SBL(1)
126|METR-LA|||MTGNN|||||5,126,Reconstructing Missing Variables for Multivariate Time Series Forecasting via Conditional Generative Flows,METR-LA,,,MTGNN,,,,,5,5.0,0-10%,,TRF,2,MAE;RMSE,TRF(2)
126|METR-LA|||MTGNN|||||15,126,Reconstructing Missing Variables for Multivariate Time Series Forecasting via Conditional Generative Flows,METR-LA,,,MTGNN,,,,,15,15.0,10-20%,,TRF,2,MAE;RMSE,TRF(2)
126|METR-LA|||MTGNN|||||25,126,Reconstructing Missing Variables for Multivariate Time Series Forecasting via Conditional Generative Flows,METR-LA,,,MTGNN,,,,,25,25.0,20-30%,,TRF,4,MAE;RMSE,TRF(4)
126|solar|||MTGNN|||||5,126,Reconstructing Missing Variables for Multivariate Time Series Forecasting via Conditional Generative Flows,solar,,,MTGNN,,,,,5,5.0,0-10%,,TRF,2,MAE;RMSE,TRF(2)
126|solar|||MTGNN|||||15,126,Reconstructing Missing Variables for Multivariate Time Series Forecasting via Conditional Generative Flows,solar,,,MTGNN,,,,,15,15.0,10-20%,,TRF,2,MAE;RMSE,TRF(2)
126|solar|||MTGNN|||||25,126,Reconstructing Missing Variables for Multivariate Time Series Forecasting via Conditional Generative Flows,solar,,,MTGNN,,,,,25,25.0,20-30%,,TRF,4,MAE;RMSE,TRF(3);MICE(1)
126|traffic|||MTGNN|||||5,126,Reconstructing Missing Variables for Multivariate Time Series Forecasting via Conditional Generative Flows,traffic,,,MTGNN,,,,,5,5.0,0-10%,,TRF,2,MAE;RMSE,TRF(2)
126|traffic|||MTGNN|||||15,126,Reconstructing Missing Variables for Multivariate Time Series Forecasting via Conditional Generative Flows,traffic,,,MTGNN,,,,,15,15.0,10-20%,,TRF,2,MAE;RMSE,TRF(2)
126|traffic|||MTGNN|||||25,126,Reconstructing Missing Variables for Multivariate Time Series Forecasting via Conditional Generative Flows,traffic,,,MTGNN,,,,,25,25.0,20-30%,,TRF,4,MAE;RMSE,TRF(4)
126|ECG5000|||MTGNN|||||5,126,Reconstructing Missing Variables for Multivariate Time Series Forecasting via Conditional Generative Flows,ECG5000,,,MTGNN,,,,,5,5.0,0-10%,,TRF,2,MAE;RMSE,TRF(2)
126|ECG5000|||MTGNN|||||15,126,Reconstructing Missing Variables for Multivariate Time Series Forecasting via Conditional Generative Flows,ECG5000,,,MTGNN,,,,,15,15.0,10-20%,,TRF,2,MAE;RMSE,TRF(2)
126|ECG5000|||MTGNN|||||25,126,Reconstructing Missing Variables for Multivariate Time Series Forecasting via Conditional Generative Flows,ECG5000,,,MTGNN,,,,,25,25.0,20-30%,,TRF,4,MAE;RMSE,TRF(4)
126|METR-LA|||ASTGCN|||||5,126,Reconstructing Missing Variables for Multivariate Time Series Forecasting via Conditional Generative Flows,METR-LA,,,ASTGCN,,,,,5,5.0,0-10%,,TRF,2,MAE;RMSE,TRF(2)
126|METR-LA|||ASTGCN|||||15,126,Reconstructing Missing Variables for Multivariate Time Series Forecasting via Conditional Generative Flows,METR-LA,,,ASTGCN,,,,,15,15.0,10-20%,,TRF,2,MAE;RMSE,TRF(2)
126|METR-LA|||ASTGCN|||||25,126,Reconstructing Missing Variables for Multivariate Time Series Forecasting via Conditional Generative Flows,METR-LA,,,ASTGCN,,,,,25,25.0,20-30%,,TRF,2,MAE;RMSE,TRF(2)
126|solar|||ASTGCN|||||5,126,Reconstructing Missing Variables for Multivariate Time Series Forecasting via Conditional Generative Flows,solar,,,ASTGCN,,,,,5,5.0,0-10%,,TRF,2,MAE;RMSE,TRF(2)
126|solar|||ASTGCN|||||15,126,Reconstructing Missing Variables for Multivariate Time Series Forecasting via Conditional Generative Flows,solar,,,ASTGCN,,,,,15,15.0,10-20%,,TRF,2,MAE;RMSE,TRF(2)
126|solar|||ASTGCN|||||25,126,Reconstructing Missing Variables for Multivariate Time Series Forecasting via Conditional Generative Flows,solar,,,ASTGCN,,,,,25,25.0,20-30%,,TRF,2,MAE;RMSE,TRF(2)
126|traffic|||ASTGCN|||||5,126,Reconstructing Missing Variables for Multivariate Time Series Forecasting via Conditional Generative Flows,traffic,,,ASTGCN,,,,,5,5.0,0-10%,,TRF,2,MAE;RMSE,TRF(2)
126|traffic|||ASTGCN|||||15,126,Reconstructing Missing Variables for Multivariate Time Series Forecasting via Conditional Generative Flows,traffic,,,ASTGCN,,,,,15,15.0,10-20%,,TRF,2,MAE;RMSE,TRF(2)
126|traffic|||ASTGCN|||||25,126,Reconstructing Missing Variables for Multivariate Time Series Forecasting via Conditional Generative Flows,traffic,,,ASTGCN,,,,,25,25.0,20-30%,,TRF,2,MAE;RMSE,TRF(2)
126|ECG5000|||ASTGCN|||||5,126,Reconstructing Missing Variables for Multivariate Time Series Forecasting via Conditional Generative Flows,ECG5000,,,ASTGCN,,,,,5,5.0,0-10%,,TRF,2,MAE;RMSE,TRF(2)
126|ECG5000|||ASTGCN|||||15,126,Reconstructing Missing Variables for Multivariate Time Series Forecasting via Conditional Generative Flows,ECG5000,,,ASTGCN,,,,,15,15.0,10-20%,,TRF,2,MAE;RMSE,TRF(2)
126|ECG5000|||ASTGCN|||||25,126,Reconstructing Missing Variables for Multivariate Time Series Forecasting via Conditional Generative Flows,ECG5000,,,ASTGCN,,,,,25,25.0,20-30%,,TRF,2,MAE;RMSE,TRF(2)
126|METR-LA|||T-GCN|||||5,126,Reconstructing Missing Variables for Multivariate Time Series Forecasting via Conditional Generative Flows,METR-LA,,,T-GCN,,,,,5,5.0,0-10%,,TRF,2,MAE;RMSE,TRF(2)
126|METR-LA|||T-GCN|||||15,126,Reconstructing Missing Variables for Multivariate Time Series Forecasting via Conditional Generative Flows,METR-LA,,,T-GCN,,,,,15,15.0,10-20%,,TRF,2,MAE;RMSE,TRF(2)
126|METR-LA|||T-GCN|||||25,126,Reconstructing Missing Variables for Multivariate Time Series Forecasting via Conditional Generative Flows,METR-LA,,,T-GCN,,,,,25,25.0,20-30%,,TRF,2,MAE;RMSE,TRF(2)
126|solar|||T-GCN|||||5,126,Reconstructing Missing Variables for Multivariate Time Series Forecasting via Conditional Generative Flows,solar,,,T-GCN,,,,,5,5.0,0-10%,,TRF,2,MAE;RMSE,TRF(2)
126|solar|||T-GCN|||||15,126,Reconstructing Missing Variables for Multivariate Time Series Forecasting via Conditional Generative Flows,solar,,,T-GCN,,,,,15,15.0,10-20%,,TRF,2,MAE;RMSE,TRF(2)
126|solar|||T-GCN|||||25,126,Reconstructing Missing Variables for Multivariate Time Series Forecasting via Conditional Generative Flows,solar,,,T-GCN,,,,,25,25.0,20-30%,,TRF,2,MAE;RMSE,TRF(2)
126|traffic|||T-GCN|||||5,126,Reconstructing Missing Variables for Multivariate Time Series Forecasting via Conditional Generative Flows,traffic,,,T-GCN,,,,,5,5.0,0-10%,,TRF,2,MAE;RMSE,TRF(2)
126|traffic|||T-GCN|||||15,126,Reconstructing Missing Variables for Multivariate Time Series Forecasting via Conditional Generative Flows,traffic,,,T-GCN,,,,,15,15.0,10-20%,,TRF,2,MAE;RMSE,TRF(2)
126|traffic|||T-GCN|||||25,126,Reconstructing Missing Variables for Multivariate Time Series Forecasting via Conditional Generative Flows,traffic,,,T-GCN,,,,,25,25.0,20-30%,,TRF,2,MAE;RMSE,TRF(2)
126|ECG5000|||T-GCN|||||5,126,Reconstructing Missing Variables for Multivariate Time Series Forecasting via Conditional Generative Flows,ECG5000,,,T-GCN,,,,,5,5.0,0-10%,,TRF,2,MAE;RMSE,TRF(2)
126|ECG5000|||T-GCN|||||15,126,Reconstructing Missing Variables for Multivariate Time Series Forecasting via Conditional Generative Flows,ECG5000,,,T-GCN,,,,,15,15.0,10-20%,,TRF,2,MAE;RMSE,TRF(2)
126|ECG5000|||T-GCN|||||25,126,Reconstructing Missing Variables for Multivariate Time Series Forecasting via Conditional Generative Flows,ECG5000,,,T-GCN,,,,,25,25.0,20-30%,,TRF,2,MAE;RMSE,TRF(2)
150|Not specified||||||||,150,"A novel wind power forecasting system integrating time series refining, nonlinear multi-objective optimized deep learning and linear error correction",Not specified,,,,,,,,,,nieznany,brak_wartosci,SVmD,36,IA;LMI;MAE;MSE;PCC (COR);R2;RMSE;STD;TIC,SVmD(36)
