rule_id,research_question,context_dimension,context_field,context_value,condition,recommended_algorithm,support,total_configurations,confidence,unique_articles,article_ids,rule_text,metric
A4-ctx-task_model-LSSVM-NRMSE,RQ6-A4,Task Models,task_model,LSSVM,task_model = LSSVM,LTI,25,36,0.6944,1,7,JEŚLI Task Models = LSSVM i metryka = NRMSE TO rozważ model rekonstrukcji: LTI (support=25/36),NRMSE
A4-ctx-dataset-Self-generated-MAPE,RQ6-A4,Dataset,dataset,Self-generated,dataset = Self-generated,LNS_PM,16,20,0.8,1,121,JEŚLI Dataset = Self-generated i metryka = MAPE TO rozważ model rekonstrukcji: LNS_PM (support=16/20),MAPE
A4-ctx-missing_rate_band-20-30-MAE,RQ6-A4,Missing rate band,missing_rate_band,20-30%,missing_rate_band = 20-30%,TRF,16,23,0.6957,1,126,JEŚLI Missing rate band = 20-30% i metryka = MAE TO rozważ model rekonstrukcji: TRF (support=16/23),MAE
A4-ctx-task_model-MTGNN-MAE,RQ6-A4,Task Models,task_model,MTGNN,task_model = MTGNN,TRF,16,16,1.0,1,126,JEŚLI Task Models = MTGNN i metryka = MAE TO rozważ model rekonstrukcji: TRF (support=16/16),MAE
A4-ctx-missing_rate_band-20-30-RMSE,RQ6-A4,Missing rate band,missing_rate_band,20-30%,missing_rate_band = 20-30%,TRF,15,20,0.75,1,126,JEŚLI Missing rate band = 20-30% i metryka = RMSE TO rozważ model rekonstrukcji: TRF (support=15/20),RMSE
A4-ctx-task_model-MTGNN-RMSE,RQ6-A4,Task Models,task_model,MTGNN,task_model = MTGNN,TRF,15,16,0.9375,1,126,JEŚLI Task Models = MTGNN i metryka = RMSE TO rozważ model rekonstrukcji: TRF (support=15/16),RMSE
A4-ctx-dataset-Self-generated-RMSE,RQ6-A4,Dataset,dataset,Self-generated,dataset = Self-generated,LNS_PM,14,20,0.7,1,121,JEŚLI Dataset = Self-generated i metryka = RMSE TO rozważ model rekonstrukcji: LNS_PM (support=14/20),RMSE
A4-ctx-dataset-M3-SMAPE,RQ6-A4,Dataset,dataset,M3,dataset = M3,Ensemble (Forward + Backward),12,12,1.0,1,283,JEŚLI Dataset = M3 i metryka = SMAPE TO rozważ model rekonstrukcji: Ensemble (Forward + Backward) (support=12/12),SMAPE
A4-ctx-dataset-NN3-SMAPE,RQ6-A4,Dataset,dataset,NN3,dataset = NN3,Ensemble (Forward + Backward),12,12,1.0,1,283,JEŚLI Dataset = NN3 i metryka = SMAPE TO rozważ model rekonstrukcji: Ensemble (Forward + Backward) (support=12/12),SMAPE
A4-ctx-dataset_domain-Climate-NRMSE,RQ6-A4,Dataset domain,dataset_domain,Climate,dataset_domain = Climate,RMD-FSE,12,18,0.6667,1,18,JEŚLI Dataset domain = Climate i metryka = NRMSE TO rozważ model rekonstrukcji: RMD-FSE (support=12/18),NRMSE
A4-ctx-missing_rate_band-0-10-MAE,RQ6-A4,Missing rate band,missing_rate_band,0-10%,missing_rate_band = 0-10%,TRF,12,27,0.4444,1,126,JEŚLI Missing rate band = 0-10% i metryka = MAE TO rozważ model rekonstrukcji: TRF (support=12/27),MAE
A4-ctx-missing_rate_band-0-10-RMSE,RQ6-A4,Missing rate band,missing_rate_band,0-10%,missing_rate_band = 0-10%,TRF,12,27,0.4444,1,126,JEŚLI Missing rate band = 0-10% i metryka = RMSE TO rozważ model rekonstrukcji: TRF (support=12/27),RMSE
A4-ctx-missing_rate_band-10-20-MAE,RQ6-A4,Missing rate band,missing_rate_band,10-20%,missing_rate_band = 10-20%,TRF,12,12,1.0,1,126,JEŚLI Missing rate band = 10-20% i metryka = MAE TO rozważ model rekonstrukcji: TRF (support=12/12),MAE
A4-ctx-missing_rate_band-10-20-RMSE,RQ6-A4,Missing rate band,missing_rate_band,10-20%,missing_rate_band = 10-20%,TRF,12,16,0.75,1,126,JEŚLI Missing rate band = 10-20% i metryka = RMSE TO rozważ model rekonstrukcji: TRF (support=12/16),RMSE
A4-ctx-task_model-ASTGCN-MAE,RQ6-A4,Task Models,task_model,ASTGCN,task_model = ASTGCN,TRF,12,12,1.0,1,126,JEŚLI Task Models = ASTGCN i metryka = MAE TO rozważ model rekonstrukcji: TRF (support=12/12),MAE
A4-ctx-task_model-ASTGCN-RMSE,RQ6-A4,Task Models,task_model,ASTGCN,task_model = ASTGCN,TRF,12,12,1.0,1,126,JEŚLI Task Models = ASTGCN i metryka = RMSE TO rozważ model rekonstrukcji: TRF (support=12/12),RMSE
A4-ctx-task_model-FIR-NRMSE,RQ6-A4,Task Models,task_model,FIR,task_model = FIR,RMD-FSE,12,12,1.0,1,18,JEŚLI Task Models = FIR i metryka = NRMSE TO rozważ model rekonstrukcji: RMD-FSE (support=12/12),NRMSE
A4-ctx-task_model-STID-MAE,RQ6-A4,Task Models,task_model,STID,task_model = STID,IA,12,24,0.5,1,2,JEŚLI Task Models = STID i metryka = MAE TO rozważ model rekonstrukcji: IA (support=12/24),MAE
A4-ctx-task_model-T-GCN-MAE,RQ6-A4,Task Models,task_model,T-GCN,task_model = T-GCN,TRF,12,12,1.0,1,126,JEŚLI Task Models = T-GCN i metryka = MAE TO rozważ model rekonstrukcji: TRF (support=12/12),MAE
A4-ctx-task_model-T-GCN-RMSE,RQ6-A4,Task Models,task_model,T-GCN,task_model = T-GCN,TRF,12,12,1.0,1,126,JEŚLI Task Models = T-GCN i metryka = RMSE TO rozważ model rekonstrukcji: TRF (support=12/12),RMSE
A4-ctx-dataset-ECG5000-MAE,RQ6-A4,Dataset,dataset,ECG5000,dataset = ECG5000,TRF,10,10,1.0,1,126,JEŚLI Dataset = ECG5000 i metryka = MAE TO rozważ model rekonstrukcji: TRF (support=10/10),MAE
A4-ctx-dataset-ECG5000-RMSE,RQ6-A4,Dataset,dataset,ECG5000,dataset = ECG5000,TRF,10,10,1.0,1,126,JEŚLI Dataset = ECG5000 i metryka = RMSE TO rozważ model rekonstrukcji: TRF (support=10/10),RMSE
A4-ctx-dataset-METR-LA-MAE,RQ6-A4,Dataset,dataset,METR-LA,dataset = METR-LA,TRF,10,18,0.5556,1,126,JEŚLI Dataset = METR-LA i metryka = MAE TO rozważ model rekonstrukcji: TRF (support=10/18),MAE
A4-ctx-dataset-METR-LA-RMSE,RQ6-A4,Dataset,dataset,METR-LA,dataset = METR-LA,TRF,10,10,1.0,1,126,JEŚLI Dataset = METR-LA i metryka = RMSE TO rozważ model rekonstrukcji: TRF (support=10/10),RMSE
A4-ctx-dataset-solar-MAE,RQ6-A4,Dataset,dataset,solar,dataset = solar,TRF,10,10,1.0,1,126,JEŚLI Dataset = solar i metryka = MAE TO rozważ model rekonstrukcji: TRF (support=10/10),MAE
A4-ctx-dataset-traffic-MAE,RQ6-A4,Dataset,dataset,traffic,dataset = traffic,TRF,10,10,1.0,1,126,JEŚLI Dataset = traffic i metryka = MAE TO rozważ model rekonstrukcji: TRF (support=10/10),MAE
A4-ctx-dataset-traffic-RMSE,RQ6-A4,Dataset,dataset,traffic,dataset = traffic,TRF,10,10,1.0,1,126,JEŚLI Dataset = traffic i metryka = RMSE TO rozważ model rekonstrukcji: TRF (support=10/10),RMSE
A4-ctx-dataset-solar-RMSE,RQ6-A4,Dataset,dataset,solar,dataset = solar,TRF,9,10,0.9,1,126,JEŚLI Dataset = solar i metryka = RMSE TO rozważ model rekonstrukcji: TRF (support=9/10),RMSE
A4-ctx-missing_rate_band-0-10-MSE,RQ6-A4,Missing rate band,missing_rate_band,0-10%,missing_rate_band = 0-10%,Decay attention,9,19,0.4737,1,165,JEŚLI Missing rate band = 0-10% i metryka = MSE TO rozważ model rekonstrukcji: Decay attention (support=9/19),MSE
A4-ctx-missing_rate_band-20-30-NRMSE,RQ6-A4,Missing rate band,missing_rate_band,20-30%,missing_rate_band = 20-30%,LTI,9,14,0.6429,1,7,JEŚLI Missing rate band = 20-30% i metryka = NRMSE TO rozważ model rekonstrukcji: LTI (support=9/14),NRMSE
A4-ctx-task_model-RNN-MSE,RQ6-A4,Task Models,task_model,RNN,task_model = RNN,PI^m-mi/M,9,15,0.6,1,284,JEŚLI Task Models = RNN i metryka = MSE TO rozważ model rekonstrukcji: PI^m-mi/M (support=9/15),MSE
A4-ctx-dataset_domain-Traffic-MAE,RQ6-A4,Dataset domain,dataset_domain,Traffic,dataset_domain = Traffic,IA,8,16,0.5,1,2,JEŚLI Dataset domain = Traffic i metryka = MAE TO rozważ model rekonstrukcji: IA (support=8/16),MAE
A4-ctx-missing_rate_band-0-10-RSquare,RQ6-A4,Missing rate band,missing_rate_band,0-10%,missing_rate_band = 0-10%,Decay attention,8,15,0.5333,1,165,JEŚLI Missing rate band = 0-10% i metryka = RSquare TO rozważ model rekonstrukcji: Decay attention (support=8/15),RSquare
A4-ctx-missing_rate_band-10-20-NRMSE,RQ6-A4,Missing rate band,missing_rate_band,10-20%,missing_rate_band = 10-20%,LTI,8,22,0.3636,1,7,JEŚLI Missing rate band = 10-20% i metryka = NRMSE TO rozważ model rekonstrukcji: LTI (support=8/22),NRMSE
A4-ctx-task_model-FFNN-SMAPE,RQ6-A4,Task Models,task_model,FFNN,task_model = FFNN,Ensemble (Forward + Backward),8,8,1.0,1,283,JEŚLI Task Models = FFNN i metryka = SMAPE TO rozważ model rekonstrukcji: Ensemble (Forward + Backward) (support=8/8),SMAPE
A4-ctx-task_model-Holt-s-Expotential-Smoothing-SMAPE,RQ6-A4,Task Models,task_model,Holt's Expotential Smoothing,task_model = Holt's Expotential Smoothing,Ensemble (Forward + Backward),8,8,1.0,1,283,JEŚLI Task Models = Holt's Expotential Smoothing i metryka = SMAPE TO rozważ model rekonstrukcji: Ensemble (Forward + Backward) (support=8/8),SMAPE
A4-ctx-task_model-MA-SMAPE,RQ6-A4,Task Models,task_model,MA,task_model = MA,Ensemble (Forward + Backward),8,8,1.0,1,283,JEŚLI Task Models = MA i metryka = SMAPE TO rozważ model rekonstrukcji: Ensemble (Forward + Backward) (support=8/8),SMAPE
A4-ctx-dataset_domain-Electrical-MSE,RQ6-A4,Dataset domain,dataset_domain,Electrical,dataset_domain = Electrical,KNN Impute,7,12,0.5833,1,158,JEŚLI Dataset domain = Electrical i metryka = MSE TO rozważ model rekonstrukcji: KNN Impute (support=7/12),MSE
A4-ctx-task_model-RNN-SMAPE,RQ6-A4,Task Models,task_model,RNN,task_model = RNN,pi - mi,7,32,0.2188,1,284,JEŚLI Task Models = RNN i metryka = SMAPE TO rozważ model rekonstrukcji: pi - mi (support=7/32),SMAPE
A4-ctx-dataset-BanLuang-NRMSE,RQ6-A4,Dataset,dataset,BanLuang,dataset = BanLuang,RMD-FSE,6,6,1.0,1,18,JEŚLI Dataset = BanLuang i metryka = NRMSE TO rozważ model rekonstrukcji: RMD-FSE (support=6/6),NRMSE
A4-ctx-dataset-Imcheon-myeon-MAPE,RQ6-A4,Dataset,dataset,Imcheon-myeon,dataset = Imcheon-myeon,Bi-LSTM,6,9,0.6667,1,107,JEŚLI Dataset = Imcheon-myeon i metryka = MAPE TO rozważ model rekonstrukcji: Bi-LSTM (support=6/9),MAPE
A4-ctx-dataset-Imcheon-myeon-RMSE,RQ6-A4,Dataset,dataset,Imcheon-myeon,dataset = Imcheon-myeon,Bi-LSTM,6,9,0.6667,1,107,JEŚLI Dataset = Imcheon-myeon i metryka = RMSE TO rozważ model rekonstrukcji: Bi-LSTM (support=6/9),RMSE
A4-ctx-dataset-Sinc-NRMSE,RQ6-A4,Dataset,dataset,Sinc,dataset = Sinc,LTI,6,6,1.0,1,7,JEŚLI Dataset = Sinc i metryka = NRMSE TO rozważ model rekonstrukcji: LTI (support=6/6),NRMSE
A4-ctx-dataset-Sine-NRMSE,RQ6-A4,Dataset,dataset,Sine,dataset = Sine,LTI,6,6,1.0,1,7,JEŚLI Dataset = Sine i metryka = NRMSE TO rozważ model rekonstrukcji: LTI (support=6/6),NRMSE
A4-ctx-dataset-Sunspot-NRMSE,RQ6-A4,Dataset,dataset,Sunspot,dataset = Sunspot,RMD-FSE,6,12,0.5,1,18,JEŚLI Dataset = Sunspot i metryka = NRMSE TO rozważ model rekonstrukcji: RMD-FSE (support=6/12),NRMSE
A4-ctx-dataset-WTI-MAPE,RQ6-A4,Dataset,dataset,WTI,dataset = WTI,EEMD-RVFL,6,6,1.0,1,129,JEŚLI Dataset = WTI i metryka = MAPE TO rozważ model rekonstrukcji: EEMD-RVFL (support=6/6),MAPE
A4-ctx-dataset_domain-Climate-MAPE,RQ6-A4,Dataset domain,dataset_domain,Climate,dataset_domain = Climate,Bi-LSTM,6,9,0.6667,1,107,JEŚLI Dataset domain = Climate i metryka = MAPE TO rozważ model rekonstrukcji: Bi-LSTM (support=6/9),MAPE
A4-ctx-dataset_domain-Climate-RMSE,RQ6-A4,Dataset domain,dataset_domain,Climate,dataset_domain = Climate,Bi-LSTM,6,9,0.6667,1,107,JEŚLI Dataset domain = Climate i metryka = RMSE TO rozważ model rekonstrukcji: Bi-LSTM (support=6/9),RMSE
A4-ctx-dataset_domain-Finance-MAPE,RQ6-A4,Dataset domain,dataset_domain,Finance,dataset_domain = Finance,EEMD-RVFL,6,6,1.0,1,129,JEŚLI Dataset domain = Finance i metryka = MAPE TO rozważ model rekonstrukcji: EEMD-RVFL (support=6/6),MAPE
A4-ctx-missing_rate_band-0-10-NRMSE,RQ6-A4,Missing rate band,missing_rate_band,0-10%,missing_rate_band = 0-10%,RMD-FSE,6,12,0.5,1,18,JEŚLI Missing rate band = 0-10% i metryka = NRMSE TO rozważ model rekonstrukcji: RMD-FSE (support=6/12),NRMSE
A4-ctx-missing_rate_band-10-20-SMAPE,RQ6-A4,Missing rate band,missing_rate_band,10-20%,missing_rate_band = 10-20%,Ensemble (Forward + Backward),6,16,0.375,1,283,JEŚLI Missing rate band = 10-20% i metryka = SMAPE TO rozważ model rekonstrukcji: Ensemble (Forward + Backward) (support=6/16),SMAPE
A4-ctx-missing_rate_band-20-30-SMAPE,RQ6-A4,Missing rate band,missing_rate_band,20-30%,missing_rate_band = 20-30%,Ensemble (Forward + Backward),6,11,0.5455,1,283,JEŚLI Missing rate band = 20-30% i metryka = SMAPE TO rozważ model rekonstrukcji: Ensemble (Forward + Backward) (support=6/11),SMAPE
A4-ctx-missing_rate_band-30-40-SMAPE,RQ6-A4,Missing rate band,missing_rate_band,30-40%,missing_rate_band = 30-40%,Ensemble (Forward + Backward),6,12,0.5,1,283,JEŚLI Missing rate band = 30-40% i metryka = SMAPE TO rozważ model rekonstrukcji: Ensemble (Forward + Backward) (support=6/12),SMAPE
A4-ctx-missing_rate_band-40-50-SMAPE,RQ6-A4,Missing rate band,missing_rate_band,40-50%,missing_rate_band = 40-50%,Ensemble (Forward + Backward),6,12,0.5,1,283,JEŚLI Missing rate band = 40-50% i metryka = SMAPE TO rozważ model rekonstrukcji: Ensemble (Forward + Backward) (support=6/12),SMAPE
A4-ctx-missing_rate_band-90-100-RMSE,RQ6-A4,Missing rate band,missing_rate_band,90-100%,missing_rate_band = 90-100%,SBL,6,6,1.0,1,76,JEŚLI Missing rate band = 90-100% i metryka = RMSE TO rozważ model rekonstrukcji: SBL (support=6/6),RMSE
A4-ctx-task_model-AR-NRMSE,RQ6-A4,Task Models,task_model,AR,task_model = AR,ARL Simpute,6,6,1.0,1,16,JEŚLI Task Models = AR i metryka = NRMSE TO rozważ model rekonstrukcji: ARL Simpute (support=6/6),NRMSE
A4-ctx-task_model-Transformer-MAE,RQ6-A4,Task Models,task_model,Transformer,task_model = Transformer,Decay attention,6,6,1.0,1,165,JEŚLI Task Models = Transformer i metryka = MAE TO rozważ model rekonstrukcji: Decay attention (support=6/6),MAE
A4-ctx-task_model-Transformer-MSE,RQ6-A4,Task Models,task_model,Transformer,task_model = Transformer,Decay attention,6,6,1.0,1,165,JEŚLI Task Models = Transformer i metryka = MSE TO rozważ model rekonstrukcji: Decay attention (support=6/6),MSE
A4-ctx-dataset-Annual-Energy-Review-MSE,RQ6-A4,Dataset,dataset,Annual Energy Review,dataset = Annual Energy Review,KNN Impute,5,8,0.625,1,158,JEŚLI Dataset = Annual Energy Review i metryka = MSE TO rozważ model rekonstrukcji: KNN Impute (support=5/8),MSE
A4-ctx-dataset-Jenkins-Box-Gas-Furnace-NRMSE,RQ6-A4,Dataset,dataset,Jenkins-Box Gas Furnace,dataset = Jenkins-Box Gas Furnace,LTI,5,6,0.8333,1,7,JEŚLI Dataset = Jenkins-Box Gas Furnace i metryka = NRMSE TO rozważ model rekonstrukcji: LTI (support=5/6),NRMSE
A4-ctx-dataset-Poland-s-electricity-load-NRMSE,RQ6-A4,Dataset,dataset,Poland's electricity load,dataset = Poland's electricity load,Hot-Deck,5,6,0.8333,1,7,JEŚLI Dataset = Poland's electricity load i metryka = NRMSE TO rozważ model rekonstrukcji: Hot-Deck (support=5/6),NRMSE
A4-ctx-dataset-WTI-MAE,RQ6-A4,Dataset,dataset,WTI,dataset = WTI,EEMD-RVFL,5,6,0.8333,1,129,JEŚLI Dataset = WTI i metryka = MAE TO rozważ model rekonstrukcji: EEMD-RVFL (support=5/6),MAE
A4-ctx-dataset-WTI-RMSE,RQ6-A4,Dataset,dataset,WTI,dataset = WTI,EEMD-RVFL,5,6,0.8333,1,129,JEŚLI Dataset = WTI i metryka = RMSE TO rozważ model rekonstrukcji: EEMD-RVFL (support=5/6),RMSE
A4-ctx-dataset_domain-Chemical-NRMSE,RQ6-A4,Dataset domain,dataset_domain,Chemical,dataset_domain = Chemical,LTI,5,6,0.8333,1,7,JEŚLI Dataset domain = Chemical i metryka = NRMSE TO rozważ model rekonstrukcji: LTI (support=5/6),NRMSE
A4-ctx-dataset_domain-Electricity-NRMSE,RQ6-A4,Dataset domain,dataset_domain,Electricity,dataset_domain = Electricity,Hot-Deck,5,6,0.8333,1,7,JEŚLI Dataset domain = Electricity i metryka = NRMSE TO rozważ model rekonstrukcji: Hot-Deck (support=5/6),NRMSE
A4-ctx-dataset_domain-Finance-MAE,RQ6-A4,Dataset domain,dataset_domain,Finance,dataset_domain = Finance,EEMD-RVFL,5,6,0.8333,1,129,JEŚLI Dataset domain = Finance i metryka = MAE TO rozważ model rekonstrukcji: EEMD-RVFL (support=5/6),MAE
A4-ctx-dataset_domain-Finance-RMSE,RQ6-A4,Dataset domain,dataset_domain,Finance,dataset_domain = Finance,EEMD-RVFL,5,6,0.8333,1,129,JEŚLI Dataset domain = Finance i metryka = RMSE TO rozważ model rekonstrukcji: EEMD-RVFL (support=5/6),RMSE
A4-ctx-order-reverse-MAPE,RQ6-A4,Order,order,reverse,order = reverse,Bi-LSTM,5,7,0.7143,1,107,JEŚLI Order = reverse i metryka = MAPE TO rozważ model rekonstrukcji: Bi-LSTM (support=5/7),MAPE
A4-ctx-order-reverse-RMSE,RQ6-A4,Order,order,reverse,order = reverse,Bi-LSTM,5,7,0.7143,1,107,JEŚLI Order = reverse i metryka = RMSE TO rozważ model rekonstrukcji: Bi-LSTM (support=5/7),RMSE
A4-ctx-task_model-A-NN-RMSE,RQ6-A4,Task Models,task_model,(A)NN,task_model = (A)NN,Bi-FCNN,5,5,1.0,1,24,JEŚLI Task Models = (A)NN i metryka = RMSE TO rozważ model rekonstrukcji: Bi-FCNN (support=5/5),RMSE
A4-ctx-task_model-FPLSIM-Kernel-MSE,RQ6-A4,Task Models,task_model,FPLSIM+Kernel,task_model = FPLSIM+Kernel,KNN Impute,5,6,0.8333,1,158,JEŚLI Task Models = FPLSIM+Kernel i metryka = MSE TO rozważ model rekonstrukcji: KNN Impute (support=5/6),MSE
A4-ctx-task_model-Transformer-RMSE,RQ6-A4,Task Models,task_model,Transformer,task_model = Transformer,Decay attention,5,5,1.0,1,165,JEŚLI Task Models = Transformer i metryka = RMSE TO rozważ model rekonstrukcji: Decay attention (support=5/5),RMSE
A4-ctx-task_model-Transformer-RSquare,RQ6-A4,Task Models,task_model,Transformer,task_model = Transformer,Decay attention,5,5,1.0,1,165,JEŚLI Task Models = Transformer i metryka = RSquare TO rozważ model rekonstrukcji: Decay attention (support=5/5),RSquare
A4-ctx-dataset-China-AQI-MAE,RQ6-A4,Dataset,dataset,China AQI,dataset = China AQI,IA,4,8,0.5,1,2,JEŚLI Dataset = China AQI i metryka = MAE TO rozważ model rekonstrukcji: IA (support=4/8),MAE
A4-ctx-dataset-GSA-RMSE,RQ6-A4,Dataset,dataset,GSA,dataset = GSA,SBL,4,4,1.0,1,76,JEŚLI Dataset = GSA i metryka = RMSE TO rozważ model rekonstrukcji: SBL (support=4/4),RMSE
A4-ctx-dataset-Mackey-Glass-NRMSE,RQ6-A4,Dataset,dataset,Mackey-Glass,dataset = Mackey-Glass,LTI,4,6,0.6667,1,7,JEŚLI Dataset = Mackey-Glass i metryka = NRMSE TO rozważ model rekonstrukcji: LTI (support=4/6),NRMSE
A4-ctx-dataset-Motes-RMSE,RQ6-A4,Dataset,dataset,Motes,dataset = Motes,SBL,4,4,1.0,1,76,JEŚLI Dataset = Motes i metryka = RMSE TO rozważ model rekonstrukcji: SBL (support=4/4),RMSE
A4-ctx-dataset-OLD-Ozone-Level-Detection-MSE,RQ6-A4,Dataset,dataset,OLD : Ozone Level Detection,dataset = OLD : Ozone Level Detection,PI^m-mi/M,4,6,0.6667,1,284,JEŚLI Dataset = OLD : Ozone Level Detection i metryka = MSE TO rozważ model rekonstrukcji: PI^m-mi/M (support=4/6),MSE
A4-ctx-dataset-OLD-Ozone-Level-Detection-SMAPE,RQ6-A4,Dataset,dataset,OLD : Ozone Level Detection,dataset = OLD : Ozone Level Detection,PI (pisane wielkim symbolem),4,6,0.6667,1,284,JEŚLI Dataset = OLD : Ozone Level Detection i metryka = SMAPE TO rozważ model rekonstrukcji: PI (pisane wielkim symbolem) (support=4/6),SMAPE
A4-ctx-dataset-PEMS08-MAE,RQ6-A4,Dataset,dataset,PEMS08,dataset = PEMS08,IA,4,8,0.5,1,2,JEŚLI Dataset = PEMS08 i metryka = MAE TO rozważ model rekonstrukcji: IA (support=4/8),MAE
A4-ctx-dataset-Sea-Surface-Temperature-RMSE,RQ6-A4,Dataset,dataset,Sea-Surface Temperature,dataset = Sea-Surface Temperature,SBL,4,4,1.0,1,76,JEŚLI Dataset = Sea-Surface Temperature i metryka = RMSE TO rozważ model rekonstrukcji: SBL (support=4/4),RMSE
A4-ctx-dataset-WTI-Dstat,RQ6-A4,Dataset,dataset,WTI,dataset = WTI,EEMD-RVFL,4,6,0.6667,1,129,JEŚLI Dataset = WTI i metryka = Dstat TO rozważ model rekonstrukcji: EEMD-RVFL (support=4/6),Dstat
A4-ctx-dataset_domain-Climate-MAE,RQ6-A4,Dataset domain,dataset_domain,Climate,dataset_domain = Climate,IA,4,8,0.5,1,2,JEŚLI Dataset domain = Climate i metryka = MAE TO rozważ model rekonstrukcji: IA (support=4/8),MAE
A4-ctx-dataset_domain-Finance-Dstat,RQ6-A4,Dataset domain,dataset_domain,Finance,dataset_domain = Finance,EEMD-RVFL,4,6,0.6667,1,129,JEŚLI Dataset domain = Finance i metryka = Dstat TO rozważ model rekonstrukcji: EEMD-RVFL (support=4/6),Dstat
A4-ctx-dataset_domain-Medicine-NRMSE,RQ6-A4,Dataset domain,dataset_domain,Medicine,dataset_domain = Medicine,LTI,4,6,0.6667,1,7,JEŚLI Dataset domain = Medicine i metryka = NRMSE TO rozważ model rekonstrukcji: LTI (support=4/6),NRMSE
A4-ctx-missing_rate_band-50-60-MAPE,RQ6-A4,Missing rate band,missing_rate_band,50-60%,missing_rate_band = 50-60%,LNS_PM,4,4,1.0,1,121,JEŚLI Missing rate band = 50-60% i metryka = MAPE TO rozważ model rekonstrukcji: LNS_PM (support=4/4),MAPE
A4-ctx-missing_rate_band-50-60-RMSE,RQ6-A4,Missing rate band,missing_rate_band,50-60%,missing_rate_band = 50-60%,LNS_PM,4,7,0.5714,1,121,JEŚLI Missing rate band = 50-60% i metryka = RMSE TO rozważ model rekonstrukcji: LNS_PM (support=4/7),RMSE
A4-ctx-task_model-AR-MSE,RQ6-A4,Task Models,task_model,AR,task_model = AR,AERR,4,9,0.4444,1,22,JEŚLI Task Models = AR i metryka = MSE TO rozważ model rekonstrukcji: AERR (support=4/9),MSE
A4-ctx-task_model-Autoformer-RMSE,RQ6-A4,Task Models,task_model,Autoformer,task_model = Autoformer,Decay attention,4,5,0.8,1,165,JEŚLI Task Models = Autoformer i metryka = RMSE TO rozważ model rekonstrukcji: Decay attention (support=4/5),RMSE
A4-ctx-task_model-Autoformer-RSquare,RQ6-A4,Task Models,task_model,Autoformer,task_model = Autoformer,No imputation,4,5,0.8,1,165,JEŚLI Task Models = Autoformer i metryka = RSquare TO rozważ model rekonstrukcji: No imputation (support=4/5),RSquare
A4-ctx-task_model-FPLSIM-kNN-MSE,RQ6-A4,Task Models,task_model,FPLSIM+kNN,task_model = FPLSIM+kNN,IMPWE,4,6,0.6667,1,158,JEŚLI Task Models = FPLSIM+kNN i metryka = MSE TO rozważ model rekonstrukcji: IMPWE (support=4/6),MSE
A4-ctx-task_model-Informer-MAE,RQ6-A4,Task Models,task_model,Informer,task_model = Informer,No imputation,4,5,0.8,1,165,JEŚLI Task Models = Informer i metryka = MAE TO rozważ model rekonstrukcji: No imputation (support=4/5),MAE
A4-ctx-task_model-Informer-MSE,RQ6-A4,Task Models,task_model,Informer,task_model = Informer,No imputation,4,5,0.8,1,165,JEŚLI Task Models = Informer i metryka = MSE TO rozważ model rekonstrukcji: No imputation (support=4/5),MSE
A4-ctx-task_model-Informer-RMSE,RQ6-A4,Task Models,task_model,Informer,task_model = Informer,No imputation,4,5,0.8,1,165,JEŚLI Task Models = Informer i metryka = RMSE TO rozważ model rekonstrukcji: No imputation (support=4/5),RMSE
A4-ctx-dataset-AEP-Appliances-Energy-Prediction-MSE,RQ6-A4,Dataset,dataset,AEP : Appliances Energy Prediction,dataset = AEP : Appliances Energy Prediction,PI^m-mi/M,3,6,0.5,1,284,JEŚLI Dataset = AEP : Appliances Energy Prediction i metryka = MSE TO rozważ model rekonstrukcji: PI^m-mi/M (support=3/6),MSE
A4-ctx-dataset-AEP-Appliances-Energy-Prediction-SMAPE,RQ6-A4,Dataset,dataset,AEP : Appliances Energy Prediction,dataset = AEP : Appliances Energy Prediction,Standard attention mechanism,3,6,0.5,1,284,JEŚLI Dataset = AEP : Appliances Energy Prediction i metryka = SMAPE TO rozważ model rekonstrukcji: Standard attention mechanism (support=3/6),SMAPE
A4-ctx-dataset-ETT-MAE,RQ6-A4,Dataset,dataset,ETT,dataset = ETT,Decay attention,3,4,0.75,1,165,JEŚLI Dataset = ETT i metryka = MAE TO rozważ model rekonstrukcji: Decay attention (support=3/4),MAE
A4-ctx-dataset-ETT-MSE,RQ6-A4,Dataset,dataset,ETT,dataset = ETT,Decay attention,3,4,0.75,1,165,JEŚLI Dataset = ETT i metryka = MSE TO rozważ model rekonstrukcji: Decay attention (support=3/4),MSE
A4-ctx-dataset-Influenza-Like-Illness-MAE,RQ6-A4,Dataset,dataset,Influenza-Like Illness,dataset = Influenza-Like Illness,Decay attention,3,3,1.0,1,165,JEŚLI Dataset = Influenza-Like Illness i metryka = MAE TO rozważ model rekonstrukcji: Decay attention (support=3/3),MAE
A4-ctx-dataset-Influenza-Like-Illness-MSE,RQ6-A4,Dataset,dataset,Influenza-Like Illness,dataset = Influenza-Like Illness,Decay attention,3,3,1.0,1,165,JEŚLI Dataset = Influenza-Like Illness i metryka = MSE TO rozważ model rekonstrukcji: Decay attention (support=3/3),MSE
A4-ctx-dataset-Influenza-Like-Illness-RMSE,RQ6-A4,Dataset,dataset,Influenza-Like Illness,dataset = Influenza-Like Illness,Decay attention,3,3,1.0,1,165,JEŚLI Dataset = Influenza-Like Illness i metryka = RMSE TO rozważ model rekonstrukcji: Decay attention (support=3/3),RMSE
A4-ctx-dataset-NAB-Numenta-Anomaly-Benchmark-SMAPE,RQ6-A4,Dataset,dataset,NAB (Numenta Anomaly Benchmark),dataset = NAB (Numenta Anomaly Benchmark),pi - M,3,6,0.5,1,284,JEŚLI Dataset = NAB (Numenta Anomaly Benchmark) i metryka = SMAPE TO rozważ model rekonstrukcji: pi - M (support=3/6),SMAPE
A4-ctx-dataset-PSE-Polish-Electricity-SMAPE,RQ6-A4,Dataset,dataset,PSE(Polish Electricity),dataset = PSE(Polish Electricity),pi - mi,3,6,0.5,1,284,JEŚLI Dataset = PSE(Polish Electricity) i metryka = SMAPE TO rozważ model rekonstrukcji: pi - mi (support=3/6),SMAPE
A4-ctx-dataset-PW-Polish-Weather-SMAPE,RQ6-A4,Dataset,dataset,PW (Polish Weather),dataset = PW (Polish Weather),pi (pisane ma?ym symbolem),3,6,0.5,1,284,JEŚLI Dataset = PW (Polish Weather) i metryka = SMAPE TO rozważ model rekonstrukcji: pi (pisane ma?ym symbolem) (support=3/6),SMAPE
A4-ctx-dataset-WTI-MASE,RQ6-A4,Dataset,dataset,WTI,dataset = WTI,EEMD-RVFL,3,6,0.5,1,129,JEŚLI Dataset = WTI i metryka = MASE TO rozważ model rekonstrukcji: EEMD-RVFL (support=3/6),MASE
A4-ctx-dataset_domain-Finance-MASE,RQ6-A4,Dataset domain,dataset_domain,Finance,dataset_domain = Finance,EEMD-RVFL,3,6,0.5,1,129,JEŚLI Dataset domain = Finance i metryka = MASE TO rozważ model rekonstrukcji: EEMD-RVFL (support=3/6),MASE
A4-ctx-missing_rate_band-10-20-MAPE,RQ6-A4,Missing rate band,missing_rate_band,10-20%,missing_rate_band = 10-20%,LNS_PM,3,4,0.75,1,121,JEŚLI Missing rate band = 10-20% i metryka = MAPE TO rozważ model rekonstrukcji: LNS_PM (support=3/4),MAPE
A4-ctx-missing_rate_band-20-30-MAPE,RQ6-A4,Missing rate band,missing_rate_band,20-30%,missing_rate_band = 20-30%,LNS_PM,3,4,0.75,1,121,JEŚLI Missing rate band = 20-30% i metryka = MAPE TO rozważ model rekonstrukcji: LNS_PM (support=3/4),MAPE
A4-ctx-missing_rate_band-30-40-MAPE,RQ6-A4,Missing rate band,missing_rate_band,30-40%,missing_rate_band = 30-40%,LNS_PM,3,4,0.75,1,121,JEŚLI Missing rate band = 30-40% i metryka = MAPE TO rozważ model rekonstrukcji: LNS_PM (support=3/4),MAPE
A4-ctx-missing_rate_band-30-40-RMSE,RQ6-A4,Missing rate band,missing_rate_band,30-40%,missing_rate_band = 30-40%,LNS_PM,3,4,0.75,1,121,JEŚLI Missing rate band = 30-40% i metryka = RMSE TO rozważ model rekonstrukcji: LNS_PM (support=3/4),RMSE
A4-ctx-missing_rate_band-40-50-MAPE,RQ6-A4,Missing rate band,missing_rate_band,40-50%,missing_rate_band = 40-50%,LNS_PM,3,4,0.75,1,121,JEŚLI Missing rate band = 40-50% i metryka = MAPE TO rozważ model rekonstrukcji: LNS_PM (support=3/4),MAPE
A4-ctx-missing_rate_band-40-50-MSE,RQ6-A4,Missing rate band,missing_rate_band,40-50%,missing_rate_band = 40-50%,PI^m-mi/M,3,6,0.5,1,284,JEŚLI Missing rate band = 40-50% i metryka = MSE TO rozważ model rekonstrukcji: PI^m-mi/M (support=3/6),MSE
A4-ctx-missing_rate_band-40-50-RMSE,RQ6-A4,Missing rate band,missing_rate_band,40-50%,missing_rate_band = 40-50%,LNS_PM,3,4,0.75,1,121,JEŚLI Missing rate band = 40-50% i metryka = RMSE TO rozważ model rekonstrukcji: LNS_PM (support=3/4),RMSE
A4-ctx-missing_rate_band-50-60-MAE,RQ6-A4,Missing rate band,missing_rate_band,50-60%,missing_rate_band = 50-60%,IA,3,6,0.5,1,2,JEŚLI Missing rate band = 50-60% i metryka = MAE TO rozważ model rekonstrukcji: IA (support=3/6),MAE
A4-ctx-missing_rate_band-50-60-NRMSE,RQ6-A4,Missing rate band,missing_rate_band,50-60%,missing_rate_band = 50-60%,LTI,3,6,0.5,1,7,JEŚLI Missing rate band = 50-60% i metryka = NRMSE TO rozważ model rekonstrukcji: LTI (support=3/6),NRMSE
A4-ctx-missing_rate_band-70-80-MAE,RQ6-A4,Missing rate band,missing_rate_band,70-80%,missing_rate_band = 70-80%,IA,3,6,0.5,1,2,JEŚLI Missing rate band = 70-80% i metryka = MAE TO rozważ model rekonstrukcji: IA (support=3/6),MAE
A4-ctx-missing_rate_band-80-90-RMSE,RQ6-A4,Missing rate band,missing_rate_band,80-90%,missing_rate_band = 80-90%,SBL,3,3,1.0,1,76,JEŚLI Missing rate band = 80-90% i metryka = RMSE TO rozważ model rekonstrukcji: SBL (support=3/3),RMSE
A4-ctx-missing_rate_band-90-100-MAE,RQ6-A4,Missing rate band,missing_rate_band,90-100%,missing_rate_band = 90-100%,IA,3,6,0.5,1,2,JEŚLI Missing rate band = 90-100% i metryka = MAE TO rozważ model rekonstrukcji: IA (support=3/6),MAE
A4-ctx-order-3-NRMSE,RQ6-A4,Order,order,3,order = 3,ARL Simpute,3,3,1.0,1,16,JEŚLI Order = 3 i metryka = NRMSE TO rozważ model rekonstrukcji: ARL Simpute (support=3/3),NRMSE
A4-ctx-order-4-NRMSE,RQ6-A4,Order,order,4,order = 4,ARL Simpute,3,3,1.0,1,16,JEŚLI Order = 4 i metryka = NRMSE TO rozważ model rekonstrukcji: ARL Simpute (support=3/3),NRMSE
A4-ctx-task_model-Autoformer-MAE,RQ6-A4,Task Models,task_model,Autoformer,task_model = Autoformer,Decay attention,3,5,0.6,1,165,JEŚLI Task Models = Autoformer i metryka = MAE TO rozważ model rekonstrukcji: Decay attention (support=3/5),MAE
A4-ctx-task_model-Autoformer-MSE,RQ6-A4,Task Models,task_model,Autoformer,task_model = Autoformer,Decay attention,3,5,0.6,1,165,JEŚLI Task Models = Autoformer i metryka = MSE TO rozważ model rekonstrukcji: Decay attention (support=3/5),MSE
A4-ctx-task_model-Informer-RSquare,RQ6-A4,Task Models,task_model,Informer,task_model = Informer,No imputation,3,5,0.6,1,165,JEŚLI Task Models = Informer i metryka = RSquare TO rozważ model rekonstrukcji: No imputation (support=3/5),RSquare
A4-ctx-timing-168h-MAE,RQ6-A4,Timing,timing,168h,timing = 168h,EEMD-RVFL,3,3,1.0,1,129,JEŚLI Timing = 168h i metryka = MAE TO rozważ model rekonstrukcji: EEMD-RVFL (support=3/3),MAE
A4-ctx-timing-168h-MAPE,RQ6-A4,Timing,timing,168h,timing = 168h,EEMD-RVFL,3,3,1.0,1,129,JEŚLI Timing = 168h i metryka = MAPE TO rozważ model rekonstrukcji: EEMD-RVFL (support=3/3),MAPE
A4-ctx-timing-168h-RMSE,RQ6-A4,Timing,timing,168h,timing = 168h,EEMD-RVFL,3,3,1.0,1,129,JEŚLI Timing = 168h i metryka = RMSE TO rozważ model rekonstrukcji: EEMD-RVFL (support=3/3),RMSE
A4-ctx-timing-720h-MAPE,RQ6-A4,Timing,timing,720h,timing = 720h,EEMD-RVFL,3,3,1.0,1,129,JEŚLI Timing = 720h i metryka = MAPE TO rozważ model rekonstrukcji: EEMD-RVFL (support=3/3),MAPE
A4-ctx-dataset-AQ-Air-Quality-MSE,RQ6-A4,Dataset,dataset,AQ : Air Quality,dataset = AQ : Air Quality,PI^m-mi/M,2,3,0.6667,1,284,JEŚLI Dataset = AQ : Air Quality i metryka = MSE TO rozważ model rekonstrukcji: PI^m-mi/M (support=2/3),MSE
A4-ctx-dataset-ECL-MAE,RQ6-A4,Dataset,dataset,ECL,dataset = ECL,No imputation,2,3,0.6667,1,165,JEŚLI Dataset = ECL i metryka = MAE TO rozważ model rekonstrukcji: No imputation (support=2/3),MAE
A4-ctx-dataset-ECL-MSE,RQ6-A4,Dataset,dataset,ECL,dataset = ECL,No imputation,2,3,0.6667,1,165,JEŚLI Dataset = ECL i metryka = MSE TO rozważ model rekonstrukcji: No imputation (support=2/3),MSE
A4-ctx-dataset-ECL-RMSE,RQ6-A4,Dataset,dataset,ECL,dataset = ECL,No imputation,2,3,0.6667,1,165,JEŚLI Dataset = ECL i metryka = RMSE TO rozważ model rekonstrukcji: No imputation (support=2/3),RMSE
A4-ctx-dataset-ECL-RSquare,RQ6-A4,Dataset,dataset,ECL,dataset = ECL,No imputation,2,3,0.6667,1,165,JEŚLI Dataset = ECL i metryka = RSquare TO rozważ model rekonstrukcji: No imputation (support=2/3),RSquare
A4-ctx-dataset-ETT-RMSE,RQ6-A4,Dataset,dataset,ETT,dataset = ETT,Decay attention,2,3,0.6667,1,165,JEŚLI Dataset = ETT i metryka = RMSE TO rozważ model rekonstrukcji: Decay attention (support=2/3),RMSE
A4-ctx-dataset-ETT-RSquare,RQ6-A4,Dataset,dataset,ETT,dataset = ETT,Decay attention,2,3,0.6667,1,165,JEŚLI Dataset = ETT i metryka = RSquare TO rozważ model rekonstrukcji: Decay attention (support=2/3),RSquare
A4-ctx-dataset-Exchange-Rate-MAE,RQ6-A4,Dataset,dataset,Exchange Rate,dataset = Exchange Rate,No imputation,2,3,0.6667,1,165,JEŚLI Dataset = Exchange Rate i metryka = MAE TO rozważ model rekonstrukcji: No imputation (support=2/3),MAE
A4-ctx-dataset-Exchange-Rate-MSE,RQ6-A4,Dataset,dataset,Exchange Rate,dataset = Exchange Rate,No imputation,2,3,0.6667,1,165,JEŚLI Dataset = Exchange Rate i metryka = MSE TO rozważ model rekonstrukcji: No imputation (support=2/3),MSE
A4-ctx-dataset-Exchange-Rate-RMSE,RQ6-A4,Dataset,dataset,Exchange Rate,dataset = Exchange Rate,Decay attention,2,3,0.6667,1,165,JEŚLI Dataset = Exchange Rate i metryka = RMSE TO rozważ model rekonstrukcji: Decay attention (support=2/3),RMSE
A4-ctx-dataset-Exchange-Rate-RSquare,RQ6-A4,Dataset,dataset,Exchange Rate,dataset = Exchange Rate,No imputation,2,3,0.6667,1,165,JEŚLI Dataset = Exchange Rate i metryka = RSquare TO rozważ model rekonstrukcji: No imputation (support=2/3),RSquare
A4-ctx-dataset-Generated-MSE,RQ6-A4,Dataset,dataset,Generated,dataset = Generated,EM (Kalman Filter),2,6,0.3333,1,300,JEŚLI Dataset = Generated i metryka = MSE TO rozważ model rekonstrukcji: EM (Kalman Filter) (support=2/6),MSE
A4-ctx-dataset-Influenza-Like-Illness-RSquare,RQ6-A4,Dataset,dataset,Influenza-Like Illness,dataset = Influenza-Like Illness,Decay attention,2,3,0.6667,1,165,JEŚLI Dataset = Influenza-Like Illness i metryka = RSquare TO rozważ model rekonstrukcji: Decay attention (support=2/3),RSquare
A4-ctx-dataset-Self-generated-MSE,RQ6-A4,Dataset,dataset,Self-generated,dataset = Self-generated,IMPWE,2,4,0.5,1,158,JEŚLI Dataset = Self-generated i metryka = MSE TO rozważ model rekonstrukcji: IMPWE (support=2/4),MSE
A4-ctx-dataset-WTH-MAE,RQ6-A4,Dataset,dataset,WTH,dataset = WTH,Decay attention,2,3,0.6667,1,165,JEŚLI Dataset = WTH i metryka = MAE TO rozważ model rekonstrukcji: Decay attention (support=2/3),MAE
A4-ctx-dataset-WTH-MSE,RQ6-A4,Dataset,dataset,WTH,dataset = WTH,Decay attention,2,3,0.6667,1,165,JEŚLI Dataset = WTH i metryka = MSE TO rozważ model rekonstrukcji: Decay attention (support=2/3),MSE
A4-ctx-dataset-WTH-RMSE,RQ6-A4,Dataset,dataset,WTH,dataset = WTH,Decay attention,2,3,0.6667,1,165,JEŚLI Dataset = WTH i metryka = RMSE TO rozważ model rekonstrukcji: Decay attention (support=2/3),RMSE
A4-ctx-dataset-WTH-RSquare,RQ6-A4,Dataset,dataset,WTH,dataset = WTH,Decay attention,2,3,0.6667,1,165,JEŚLI Dataset = WTH i metryka = RSquare TO rozważ model rekonstrukcji: Decay attention (support=2/3),RSquare
A4-ctx-dataset_domain-Chemical-RMSE,RQ6-A4,Dataset domain,dataset_domain,Chemical,dataset_domain = Chemical,MTSSP,2,2,1.0,1,78,JEŚLI Dataset domain = Chemical i metryka = RMSE TO rozważ model rekonstrukcji: MTSSP (support=2/2),RMSE
A4-ctx-dataset_domain-Endurance-RMSE,RQ6-A4,Dataset domain,dataset_domain,Endurance,dataset_domain = Endurance,GFTS,2,2,1.0,1,63,JEŚLI Dataset domain = Endurance i metryka = RMSE TO rozważ model rekonstrukcji: GFTS (support=2/2),RMSE
A4-ctx-missing_rate_band-0-10-SMAPE,RQ6-A4,Missing rate band,missing_rate_band,0-10%,missing_rate_band = 0-10%,PI - mi,2,5,0.4,1,284,JEŚLI Missing rate band = 0-10% i metryka = SMAPE TO rozważ model rekonstrukcji: PI - mi (support=2/5),SMAPE
A4-ctx-missing_rate_band-10-20-MSE,RQ6-A4,Missing rate band,missing_rate_band,10-20%,missing_rate_band = 10-20%,PI^m-mi/M,2,8,0.25,1,284,JEŚLI Missing rate band = 10-20% i metryka = MSE TO rozważ model rekonstrukcji: PI^m-mi/M (support=2/8),MSE
A4-ctx-missing_rate_band-30-40-MSE,RQ6-A4,Missing rate band,missing_rate_band,30-40%,missing_rate_band = 30-40%,KNN Impute,2,7,0.2857,1,158,JEŚLI Missing rate band = 30-40% i metryka = MSE TO rozważ model rekonstrukcji: KNN Impute (support=2/7),MSE
A4-ctx-prediction_horizon-1-Dstat,RQ6-A4,Prediction Horizon,prediction_horizon,1,prediction_horizon = 1,EEMD-RVFL,2,2,1.0,1,129,JEŚLI Prediction Horizon = 1 i metryka = Dstat TO rozważ model rekonstrukcji: EEMD-RVFL (support=2/2),Dstat
A4-ctx-prediction_horizon-1-MAE,RQ6-A4,Prediction Horizon,prediction_horizon,1,prediction_horizon = 1,EEMD-RVFL,2,2,1.0,1,129,JEŚLI Prediction Horizon = 1 i metryka = MAE TO rozważ model rekonstrukcji: EEMD-RVFL (support=2/2),MAE
A4-ctx-prediction_horizon-1-MAPE,RQ6-A4,Prediction Horizon,prediction_horizon,1,prediction_horizon = 1,EEMD-RVFL,2,2,1.0,1,129,JEŚLI Prediction Horizon = 1 i metryka = MAPE TO rozważ model rekonstrukcji: EEMD-RVFL (support=2/2),MAPE
A4-ctx-prediction_horizon-1-MASE,RQ6-A4,Prediction Horizon,prediction_horizon,1,prediction_horizon = 1,EEMD-RVFL,2,2,1.0,1,129,JEŚLI Prediction Horizon = 1 i metryka = MASE TO rozważ model rekonstrukcji: EEMD-RVFL (support=2/2),MASE
A4-ctx-prediction_horizon-1-RMSE,RQ6-A4,Prediction Horizon,prediction_horizon,1,prediction_horizon = 1,EEMD-RVFL,2,2,1.0,1,129,JEŚLI Prediction Horizon = 1 i metryka = RMSE TO rozważ model rekonstrukcji: EEMD-RVFL (support=2/2),RMSE
A4-ctx-prediction_horizon-2-Dstat,RQ6-A4,Prediction Horizon,prediction_horizon,2,prediction_horizon = 2,EEMD-RVFL,2,2,1.0,1,129,JEŚLI Prediction Horizon = 2 i metryka = Dstat TO rozważ model rekonstrukcji: EEMD-RVFL (support=2/2),Dstat
A4-ctx-prediction_horizon-2-MAE,RQ6-A4,Prediction Horizon,prediction_horizon,2,prediction_horizon = 2,EEMD-RVFL,2,2,1.0,1,129,JEŚLI Prediction Horizon = 2 i metryka = MAE TO rozważ model rekonstrukcji: EEMD-RVFL (support=2/2),MAE
A4-ctx-prediction_horizon-2-MAPE,RQ6-A4,Prediction Horizon,prediction_horizon,2,prediction_horizon = 2,EEMD-RVFL,2,2,1.0,1,129,JEŚLI Prediction Horizon = 2 i metryka = MAPE TO rozważ model rekonstrukcji: EEMD-RVFL (support=2/2),MAPE
A4-ctx-prediction_horizon-2-RMSE,RQ6-A4,Prediction Horizon,prediction_horizon,2,prediction_horizon = 2,EEMD-RVFL,2,2,1.0,1,129,JEŚLI Prediction Horizon = 2 i metryka = RMSE TO rozważ model rekonstrukcji: EEMD-RVFL (support=2/2),RMSE
A4-ctx-prediction_horizon-3-MAPE,RQ6-A4,Prediction Horizon,prediction_horizon,3,prediction_horizon = 3,EEMD-RVFL,2,2,1.0,1,129,JEŚLI Prediction Horizon = 3 i metryka = MAPE TO rozważ model rekonstrukcji: EEMD-RVFL (support=2/2),MAPE
A4-ctx-prediction_horizon-3-MASE,RQ6-A4,Prediction Horizon,prediction_horizon,3,prediction_horizon = 3,R-VMD-RVFL,2,2,1.0,1,129,JEŚLI Prediction Horizon = 3 i metryka = MASE TO rozważ model rekonstrukcji: R-VMD-RVFL (support=2/2),MASE
A4-ctx-task_model-heteroscedasticity-MSE,RQ6-A4,Task Models,task_model,heteroscedasticity,task_model = heteroscedasticity,Author's Algorithm,2,2,1.0,1,300,JEŚLI Task Models = heteroscedasticity i metryka = MSE TO rozważ model rekonstrukcji: Author's Algorithm (support=2/2),MSE
A4-ctx-timing-168h-Dstat,RQ6-A4,Timing,timing,168h,timing = 168h,EEMD-RVFL,2,3,0.6667,1,129,JEŚLI Timing = 168h i metryka = Dstat TO rozważ model rekonstrukcji: EEMD-RVFL (support=2/3),Dstat
A4-ctx-timing-168h-MASE,RQ6-A4,Timing,timing,168h,timing = 168h,EEMD-RVFL,2,3,0.6667,1,129,JEŚLI Timing = 168h i metryka = MASE TO rozważ model rekonstrukcji: EEMD-RVFL (support=2/3),MASE
A4-ctx-timing-720h-Dstat,RQ6-A4,Timing,timing,720h,timing = 720h,EEMD-RVFL,2,3,0.6667,1,129,JEŚLI Timing = 720h i metryka = Dstat TO rozważ model rekonstrukcji: EEMD-RVFL (support=2/3),Dstat
A4-ctx-timing-720h-MAE,RQ6-A4,Timing,timing,720h,timing = 720h,EEMD-RVFL,2,3,0.6667,1,129,JEŚLI Timing = 720h i metryka = MAE TO rozważ model rekonstrukcji: EEMD-RVFL (support=2/3),MAE
A4-ctx-timing-720h-MASE,RQ6-A4,Timing,timing,720h,timing = 720h,R-VMD-RVFL,2,3,0.6667,1,129,JEŚLI Timing = 720h i metryka = MASE TO rozważ model rekonstrukcji: R-VMD-RVFL (support=2/3),MASE
A4-ctx-timing-720h-RMSE,RQ6-A4,Timing,timing,720h,timing = 720h,EEMD-RVFL,2,3,0.6667,1,129,JEŚLI Timing = 720h i metryka = RMSE TO rozważ model rekonstrukcji: EEMD-RVFL (support=2/3),RMSE
