rule_id,research_question,context_dimension,context_field,context_value,condition,recommended_algorithm,support,total_configurations,confidence,unique_articles,article_ids,rule_text
A4-ctx-task_model-LSSVM-band-20-30pct,RQ6-A4,Task Models,task_model,LSSVM,task_model = LSSVM AND missing_rate_band = 20-30%,LTI,9,12,0.75,1,7,JEŚLI Task Models = LSSVM i missing_rate_band = 20-30% TO rozważ model rekonstrukcji: LTI (support=9/12)
A4-ctx-task_model-LSSVM-band-10-20pct,RQ6-A4,Task Models,task_model,LSSVM,task_model = LSSVM AND missing_rate_band = 10-20%,LTI,8,12,0.6667,1,7,JEŚLI Task Models = LSSVM i missing_rate_band = 10-20% TO rozważ model rekonstrukcji: LTI (support=8/12)
A4-ctx-dataset_domain-Climate-band-0-10pct,RQ6-A4,Dataset domain,dataset_domain,Climate,dataset_domain = Climate AND missing_rate_band = 0-10%,RMD-FSE,6,12,0.5,1,18,JEŚLI Dataset domain = Climate i missing_rate_band = 0-10% TO rozważ model rekonstrukcji: RMD-FSE (support=6/12)
A4-ctx-dataset_domain-Climate-band-10-20pct,RQ6-A4,Dataset domain,dataset_domain,Climate,dataset_domain = Climate AND missing_rate_band = 10-20%,RMD-FSE,6,12,0.5,1,18,JEŚLI Dataset domain = Climate i missing_rate_band = 10-20% TO rozważ model rekonstrukcji: RMD-FSE (support=6/12)
A4-ctx-dataset_domain-Finance-band-10-20pct,RQ6-A4,Dataset domain,dataset_domain,Finance,dataset_domain = Finance AND missing_rate_band = 10-20%,Ensemble (Forward + Backward),6,6,1.0,1,283,JEŚLI Dataset domain = Finance i missing_rate_band = 10-20% TO rozważ model rekonstrukcji: Ensemble (Forward + Backward) (support=6/6)
A4-ctx-dataset_domain-Finance-band-20-30pct,RQ6-A4,Dataset domain,dataset_domain,Finance,dataset_domain = Finance AND missing_rate_band = 20-30%,Ensemble (Forward + Backward),6,6,1.0,1,283,JEŚLI Dataset domain = Finance i missing_rate_band = 20-30% TO rozważ model rekonstrukcji: Ensemble (Forward + Backward) (support=6/6)
A4-ctx-dataset_domain-Finance-band-30-40pct,RQ6-A4,Dataset domain,dataset_domain,Finance,dataset_domain = Finance AND missing_rate_band = 30-40%,Ensemble (Forward + Backward),6,6,1.0,1,283,JEŚLI Dataset domain = Finance i missing_rate_band = 30-40% TO rozważ model rekonstrukcji: Ensemble (Forward + Backward) (support=6/6)
A4-ctx-dataset_domain-Finance-band-40-50pct,RQ6-A4,Dataset domain,dataset_domain,Finance,dataset_domain = Finance AND missing_rate_band = 40-50%,Ensemble (Forward + Backward),6,6,1.0,1,283,JEŚLI Dataset domain = Finance i missing_rate_band = 40-50% TO rozważ model rekonstrukcji: Ensemble (Forward + Backward) (support=6/6)
A4-ctx-dataset_domain-Traffic-band-0-10pct,RQ6-A4,Dataset domain,dataset_domain,Traffic,dataset_domain = Traffic AND missing_rate_band = 0-10%,TRF,6,6,1.0,1,126,JEŚLI Dataset domain = Traffic i missing_rate_band = 0-10% TO rozważ model rekonstrukcji: TRF (support=6/6)
A4-ctx-dataset_domain-Traffic-band-10-20pct,RQ6-A4,Dataset domain,dataset_domain,Traffic,dataset_domain = Traffic AND missing_rate_band = 10-20%,TRF,6,6,1.0,1,126,JEŚLI Dataset domain = Traffic i missing_rate_band = 10-20% TO rozważ model rekonstrukcji: TRF (support=6/6)
A4-ctx-dataset_domain-Traffic-band-20-30pct,RQ6-A4,Dataset domain,dataset_domain,Traffic,dataset_domain = Traffic AND missing_rate_band = 20-30%,TRF,6,10,0.6,1,126,JEŚLI Dataset domain = Traffic i missing_rate_band = 20-30% TO rozważ model rekonstrukcji: TRF (support=6/10)
A4-ctx-task_model-FIR-band-0-10pct,RQ6-A4,Task Models,task_model,FIR,task_model = FIR AND missing_rate_band = 0-10%,RMD-FSE,6,6,1.0,1,18,JEŚLI Task Models = FIR i missing_rate_band = 0-10% TO rozważ model rekonstrukcji: RMD-FSE (support=6/6)
A4-ctx-task_model-FIR-band-10-20pct,RQ6-A4,Task Models,task_model,FIR,task_model = FIR AND missing_rate_band = 10-20%,RMD-FSE,6,6,1.0,1,18,JEŚLI Task Models = FIR i missing_rate_band = 10-20% TO rozważ model rekonstrukcji: RMD-FSE (support=6/6)
A4-ctx-task_model-LSSVM-band-0-10pct,RQ6-A4,Task Models,task_model,LSSVM,task_model = LSSVM AND missing_rate_band = 0-10%,LTI,5,6,0.8333,1,7,JEŚLI Task Models = LSSVM i missing_rate_band = 0-10% TO rozważ model rekonstrukcji: LTI (support=5/6)
A4-ctx-task_model-Transformer-band-0-10pct,RQ6-A4,Task Models,task_model,Transformer,task_model = Transformer AND missing_rate_band = 0-10%,Decay attention,5,5,1.0,1,165,JEŚLI Task Models = Transformer i missing_rate_band = 0-10% TO rozważ model rekonstrukcji: Decay attention (support=5/5)
A4-ctx-dataset_domain-Climate-band-90-100pct,RQ6-A4,Dataset domain,dataset_domain,Climate,dataset_domain = Climate AND missing_rate_band = 90-100%,SBL,4,6,0.6667,1,76,JEŚLI Dataset domain = Climate i missing_rate_band = 90-100% TO rozważ model rekonstrukcji: SBL (support=4/6)
A4-ctx-task_model-AR-band-10-20pct,RQ6-A4,Task Models,task_model,AR,task_model = AR AND missing_rate_band = 10-20%,ARL Simpute,4,5,0.8,1,16,JEŚLI Task Models = AR i missing_rate_band = 10-20% TO rozważ model rekonstrukcji: ARL Simpute (support=4/5)
A4-ctx-task_model-ASTGCN-band-0-10pct,RQ6-A4,Task Models,task_model,ASTGCN,task_model = ASTGCN AND missing_rate_band = 0-10%,TRF,4,4,1.0,1,126,JEŚLI Task Models = ASTGCN i missing_rate_band = 0-10% TO rozważ model rekonstrukcji: TRF (support=4/4)
A4-ctx-task_model-ASTGCN-band-10-20pct,RQ6-A4,Task Models,task_model,ASTGCN,task_model = ASTGCN AND missing_rate_band = 10-20%,TRF,4,4,1.0,1,126,JEŚLI Task Models = ASTGCN i missing_rate_band = 10-20% TO rozważ model rekonstrukcji: TRF (support=4/4)
A4-ctx-task_model-ASTGCN-band-20-30pct,RQ6-A4,Task Models,task_model,ASTGCN,task_model = ASTGCN AND missing_rate_band = 20-30%,TRF,4,4,1.0,1,126,JEŚLI Task Models = ASTGCN i missing_rate_band = 20-30% TO rozważ model rekonstrukcji: TRF (support=4/4)
A4-ctx-task_model-Informer-band-0-10pct,RQ6-A4,Task Models,task_model,Informer,task_model = Informer AND missing_rate_band = 0-10%,No imputation,4,5,0.8,1,165,JEŚLI Task Models = Informer i missing_rate_band = 0-10% TO rozważ model rekonstrukcji: No imputation (support=4/5)
A4-ctx-task_model-MTGNN-band-0-10pct,RQ6-A4,Task Models,task_model,MTGNN,task_model = MTGNN AND missing_rate_band = 0-10%,TRF,4,4,1.0,1,126,JEŚLI Task Models = MTGNN i missing_rate_band = 0-10% TO rozważ model rekonstrukcji: TRF (support=4/4)
A4-ctx-task_model-MTGNN-band-10-20pct,RQ6-A4,Task Models,task_model,MTGNN,task_model = MTGNN AND missing_rate_band = 10-20%,TRF,4,4,1.0,1,126,JEŚLI Task Models = MTGNN i missing_rate_band = 10-20% TO rozważ model rekonstrukcji: TRF (support=4/4)
A4-ctx-task_model-MTGNN-band-20-30pct,RQ6-A4,Task Models,task_model,MTGNN,task_model = MTGNN AND missing_rate_band = 20-30%,TRF,4,4,1.0,1,126,JEŚLI Task Models = MTGNN i missing_rate_band = 20-30% TO rozważ model rekonstrukcji: TRF (support=4/4)
A4-ctx-task_model-T-GCN-band-0-10pct,RQ6-A4,Task Models,task_model,T-GCN,task_model = T-GCN AND missing_rate_band = 0-10%,TRF,4,4,1.0,1,126,JEŚLI Task Models = T-GCN i missing_rate_band = 0-10% TO rozważ model rekonstrukcji: TRF (support=4/4)
A4-ctx-task_model-T-GCN-band-10-20pct,RQ6-A4,Task Models,task_model,T-GCN,task_model = T-GCN AND missing_rate_band = 10-20%,TRF,4,4,1.0,1,126,JEŚLI Task Models = T-GCN i missing_rate_band = 10-20% TO rozważ model rekonstrukcji: TRF (support=4/4)
A4-ctx-task_model-T-GCN-band-20-30pct,RQ6-A4,Task Models,task_model,T-GCN,task_model = T-GCN AND missing_rate_band = 20-30%,TRF,4,4,1.0,1,126,JEŚLI Task Models = T-GCN i missing_rate_band = 20-30% TO rozważ model rekonstrukcji: TRF (support=4/4)
A4-ctx-dataset-BanLuang-band-0-10pct,RQ6-A4,Dataset,dataset,BanLuang,dataset = BanLuang AND missing_rate_band = 0-10%,RMD-FSE,3,3,1.0,1,18,JEŚLI Dataset = BanLuang i missing_rate_band = 0-10% TO rozważ model rekonstrukcji: RMD-FSE (support=3/3)
A4-ctx-dataset-BanLuang-band-10-20pct,RQ6-A4,Dataset,dataset,BanLuang,dataset = BanLuang AND missing_rate_band = 10-20%,RMD-FSE,3,3,1.0,1,18,JEŚLI Dataset = BanLuang i missing_rate_band = 10-20% TO rozważ model rekonstrukcji: RMD-FSE (support=3/3)
A4-ctx-dataset-ECG5000-band-0-10pct,RQ6-A4,Dataset,dataset,ECG5000,dataset = ECG5000 AND missing_rate_band = 0-10%,TRF,3,3,1.0,1,126,JEŚLI Dataset = ECG5000 i missing_rate_band = 0-10% TO rozważ model rekonstrukcji: TRF (support=3/3)
A4-ctx-dataset-ECG5000-band-10-20pct,RQ6-A4,Dataset,dataset,ECG5000,dataset = ECG5000 AND missing_rate_band = 10-20%,TRF,3,3,1.0,1,126,JEŚLI Dataset = ECG5000 i missing_rate_band = 10-20% TO rozważ model rekonstrukcji: TRF (support=3/3)
A4-ctx-dataset-ECG5000-band-20-30pct,RQ6-A4,Dataset,dataset,ECG5000,dataset = ECG5000 AND missing_rate_band = 20-30%,TRF,3,3,1.0,1,126,JEŚLI Dataset = ECG5000 i missing_rate_band = 20-30% TO rozważ model rekonstrukcji: TRF (support=3/3)
A4-ctx-dataset-Influenza-Like-Illness-band-0-10pct,RQ6-A4,Dataset,dataset,Influenza-Like Illness,dataset = Influenza-Like Illness AND missing_rate_band = 0-10%,Decay attention,3,3,1.0,1,165,JEŚLI Dataset = Influenza-Like Illness i missing_rate_band = 0-10% TO rozważ model rekonstrukcji: Decay attention (support=3/3)
A4-ctx-dataset-M3-band-10-20pct,RQ6-A4,Dataset,dataset,M3,dataset = M3 AND missing_rate_band = 10-20%,Ensemble (Forward + Backward),3,3,1.0,1,283,JEŚLI Dataset = M3 i missing_rate_band = 10-20% TO rozważ model rekonstrukcji: Ensemble (Forward + Backward) (support=3/3)
A4-ctx-dataset-M3-band-20-30pct,RQ6-A4,Dataset,dataset,M3,dataset = M3 AND missing_rate_band = 20-30%,Ensemble (Forward + Backward),3,3,1.0,1,283,JEŚLI Dataset = M3 i missing_rate_band = 20-30% TO rozważ model rekonstrukcji: Ensemble (Forward + Backward) (support=3/3)
A4-ctx-dataset-M3-band-30-40pct,RQ6-A4,Dataset,dataset,M3,dataset = M3 AND missing_rate_band = 30-40%,Ensemble (Forward + Backward),3,3,1.0,1,283,JEŚLI Dataset = M3 i missing_rate_band = 30-40% TO rozważ model rekonstrukcji: Ensemble (Forward + Backward) (support=3/3)
A4-ctx-dataset-M3-band-40-50pct,RQ6-A4,Dataset,dataset,M3,dataset = M3 AND missing_rate_band = 40-50%,Ensemble (Forward + Backward),3,3,1.0,1,283,JEŚLI Dataset = M3 i missing_rate_band = 40-50% TO rozważ model rekonstrukcji: Ensemble (Forward + Backward) (support=3/3)
A4-ctx-dataset-METR-LA-band-0-10pct,RQ6-A4,Dataset,dataset,METR-LA,dataset = METR-LA AND missing_rate_band = 0-10%,TRF,3,3,1.0,1,126,JEŚLI Dataset = METR-LA i missing_rate_band = 0-10% TO rozważ model rekonstrukcji: TRF (support=3/3)
A4-ctx-dataset-METR-LA-band-10-20pct,RQ6-A4,Dataset,dataset,METR-LA,dataset = METR-LA AND missing_rate_band = 10-20%,TRF,3,3,1.0,1,126,JEŚLI Dataset = METR-LA i missing_rate_band = 10-20% TO rozważ model rekonstrukcji: TRF (support=3/3)
A4-ctx-dataset-METR-LA-band-20-30pct,RQ6-A4,Dataset,dataset,METR-LA,dataset = METR-LA AND missing_rate_band = 20-30%,TRF,3,5,0.6,1,126,JEŚLI Dataset = METR-LA i missing_rate_band = 20-30% TO rozważ model rekonstrukcji: TRF (support=3/5)
A4-ctx-dataset-NN3-band-10-20pct,RQ6-A4,Dataset,dataset,NN3,dataset = NN3 AND missing_rate_band = 10-20%,Ensemble (Forward + Backward),3,3,1.0,1,283,JEŚLI Dataset = NN3 i missing_rate_band = 10-20% TO rozważ model rekonstrukcji: Ensemble (Forward + Backward) (support=3/3)
A4-ctx-dataset-NN3-band-20-30pct,RQ6-A4,Dataset,dataset,NN3,dataset = NN3 AND missing_rate_band = 20-30%,Ensemble (Forward + Backward),3,3,1.0,1,283,JEŚLI Dataset = NN3 i missing_rate_band = 20-30% TO rozważ model rekonstrukcji: Ensemble (Forward + Backward) (support=3/3)
A4-ctx-dataset-NN3-band-30-40pct,RQ6-A4,Dataset,dataset,NN3,dataset = NN3 AND missing_rate_band = 30-40%,Ensemble (Forward + Backward),3,3,1.0,1,283,JEŚLI Dataset = NN3 i missing_rate_band = 30-40% TO rozważ model rekonstrukcji: Ensemble (Forward + Backward) (support=3/3)
A4-ctx-dataset-NN3-band-40-50pct,RQ6-A4,Dataset,dataset,NN3,dataset = NN3 AND missing_rate_band = 40-50%,Ensemble (Forward + Backward),3,3,1.0,1,283,JEŚLI Dataset = NN3 i missing_rate_band = 40-50% TO rozważ model rekonstrukcji: Ensemble (Forward + Backward) (support=3/3)
A4-ctx-dataset-Sunspot-band-0-10pct,RQ6-A4,Dataset,dataset,Sunspot,dataset = Sunspot AND missing_rate_band = 0-10%,RMD-FSE,3,4,0.75,1,18,JEŚLI Dataset = Sunspot i missing_rate_band = 0-10% TO rozważ model rekonstrukcji: RMD-FSE (support=3/4)
A4-ctx-dataset-Sunspot-band-10-20pct,RQ6-A4,Dataset,dataset,Sunspot,dataset = Sunspot AND missing_rate_band = 10-20%,RMD-FSE,3,5,0.6,1,18,JEŚLI Dataset = Sunspot i missing_rate_band = 10-20% TO rozważ model rekonstrukcji: RMD-FSE (support=3/5)
A4-ctx-dataset-solar-band-0-10pct,RQ6-A4,Dataset,dataset,solar,dataset = solar AND missing_rate_band = 0-10%,TRF,3,3,1.0,1,126,JEŚLI Dataset = solar i missing_rate_band = 0-10% TO rozważ model rekonstrukcji: TRF (support=3/3)
A4-ctx-dataset-solar-band-10-20pct,RQ6-A4,Dataset,dataset,solar,dataset = solar AND missing_rate_band = 10-20%,TRF,3,3,1.0,1,126,JEŚLI Dataset = solar i missing_rate_band = 10-20% TO rozważ model rekonstrukcji: TRF (support=3/3)
A4-ctx-dataset-solar-band-20-30pct,RQ6-A4,Dataset,dataset,solar,dataset = solar AND missing_rate_band = 20-30%,TRF,3,3,1.0,1,126,JEŚLI Dataset = solar i missing_rate_band = 20-30% TO rozważ model rekonstrukcji: TRF (support=3/3)
A4-ctx-dataset-traffic-band-0-10pct,RQ6-A4,Dataset,dataset,traffic,dataset = traffic AND missing_rate_band = 0-10%,TRF,3,3,1.0,1,126,JEŚLI Dataset = traffic i missing_rate_band = 0-10% TO rozważ model rekonstrukcji: TRF (support=3/3)
A4-ctx-dataset-traffic-band-10-20pct,RQ6-A4,Dataset,dataset,traffic,dataset = traffic AND missing_rate_band = 10-20%,TRF,3,3,1.0,1,126,JEŚLI Dataset = traffic i missing_rate_band = 10-20% TO rozważ model rekonstrukcji: TRF (support=3/3)
A4-ctx-dataset-traffic-band-20-30pct,RQ6-A4,Dataset,dataset,traffic,dataset = traffic AND missing_rate_band = 20-30%,TRF,3,3,1.0,1,126,JEŚLI Dataset = traffic i missing_rate_band = 20-30% TO rozważ model rekonstrukcji: TRF (support=3/3)
A4-ctx-dataset_domain-Electrical-band-0-10pct,RQ6-A4,Dataset domain,dataset_domain,Electrical,dataset_domain = Electrical AND missing_rate_band = 0-10%,Decay attention,3,12,0.25,1,165,JEŚLI Dataset domain = Electrical i missing_rate_band = 0-10% TO rozważ model rekonstrukcji: Decay attention (support=3/12)
A4-ctx-dataset_domain-Electrical-band-10-20pct,RQ6-A4,Dataset domain,dataset_domain,Electrical,dataset_domain = Electrical AND missing_rate_band = 10-20%,TRF,3,11,0.2727,1,126,JEŚLI Dataset domain = Electrical i missing_rate_band = 10-20% TO rozważ model rekonstrukcji: TRF (support=3/11)
A4-ctx-dataset_domain-Electrical-band-20-30pct,RQ6-A4,Dataset domain,dataset_domain,Electrical,dataset_domain = Electrical AND missing_rate_band = 20-30%,TRF,3,10,0.3,1,126,JEŚLI Dataset domain = Electrical i missing_rate_band = 20-30% TO rozważ model rekonstrukcji: TRF (support=3/10)
A4-ctx-dataset_domain-Medicine-band-0-10pct,RQ6-A4,Dataset domain,dataset_domain,Medicine,dataset_domain = Medicine AND missing_rate_band = 0-10%,Decay attention,3,7,0.4286,1,165,JEŚLI Dataset domain = Medicine i missing_rate_band = 0-10% TO rozważ model rekonstrukcji: Decay attention (support=3/7)
A4-ctx-dataset_domain-Medicine-band-10-20pct,RQ6-A4,Dataset domain,dataset_domain,Medicine,dataset_domain = Medicine AND missing_rate_band = 10-20%,TRF,3,5,0.6,1,126,JEŚLI Dataset domain = Medicine i missing_rate_band = 10-20% TO rozważ model rekonstrukcji: TRF (support=3/5)
A4-ctx-dataset_domain-Medicine-band-20-30pct,RQ6-A4,Dataset domain,dataset_domain,Medicine,dataset_domain = Medicine AND missing_rate_band = 20-30%,TRF,3,5,0.6,1,126,JEŚLI Dataset domain = Medicine i missing_rate_band = 20-30% TO rozważ model rekonstrukcji: TRF (support=3/5)
A4-ctx-task_model-Autoformer-band-0-10pct,RQ6-A4,Task Models,task_model,Autoformer,task_model = Autoformer AND missing_rate_band = 0-10%,Decay attention,3,5,0.6,1,165,JEŚLI Task Models = Autoformer i missing_rate_band = 0-10% TO rozważ model rekonstrukcji: Decay attention (support=3/5)
A4-ctx-task_model-LSSVM-band-50-60pct,RQ6-A4,Task Models,task_model,LSSVM,task_model = LSSVM AND missing_rate_band = 50-60%,LTI,3,6,0.5,1,7,JEŚLI Task Models = LSSVM i missing_rate_band = 50-60% TO rozważ model rekonstrukcji: LTI (support=3/6)
A4-ctx-task_model-RNN-band-10-20pct,RQ6-A4,Task Models,task_model,RNN,task_model = RNN AND missing_rate_band = 10-20%,pi - M,3,10,0.3,1,284,JEŚLI Task Models = RNN i missing_rate_band = 10-20% TO rozważ model rekonstrukcji: pi - M (support=3/10)
A4-ctx-task_model-RNN-band-40-50pct,RQ6-A4,Task Models,task_model,RNN,task_model = RNN AND missing_rate_band = 40-50%,pi - mi,3,6,0.5,1,284,JEŚLI Task Models = RNN i missing_rate_band = 40-50% TO rozważ model rekonstrukcji: pi - mi (support=3/6)
A4-ctx-task_model-STID-band-20-30pct,RQ6-A4,Task Models,task_model,STID,task_model = STID AND missing_rate_band = 20-30%,IA,3,6,0.5,1,2,JEŚLI Task Models = STID i missing_rate_band = 20-30% TO rozważ model rekonstrukcji: IA (support=3/6)
A4-ctx-task_model-STID-band-50-60pct,RQ6-A4,Task Models,task_model,STID,task_model = STID AND missing_rate_band = 50-60%,IA,3,6,0.5,1,2,JEŚLI Task Models = STID i missing_rate_band = 50-60% TO rozważ model rekonstrukcji: IA (support=3/6)
A4-ctx-task_model-STID-band-70-80pct,RQ6-A4,Task Models,task_model,STID,task_model = STID AND missing_rate_band = 70-80%,IA,3,6,0.5,1,2,JEŚLI Task Models = STID i missing_rate_band = 70-80% TO rozważ model rekonstrukcji: IA (support=3/6)
A4-ctx-task_model-STID-band-90-100pct,RQ6-A4,Task Models,task_model,STID,task_model = STID AND missing_rate_band = 90-100%,IA,3,6,0.5,1,2,JEŚLI Task Models = STID i missing_rate_band = 90-100% TO rozważ model rekonstrukcji: IA (support=3/6)
A4-ctx-dataset-Annual-Energy-Review-band-30-40pct,RQ6-A4,Dataset,dataset,Annual Energy Review,dataset = Annual Energy Review AND missing_rate_band = 30-40%,KNN Impute,2,2,1.0,1,158,JEŚLI Dataset = Annual Energy Review i missing_rate_band = 30-40% TO rozważ model rekonstrukcji: KNN Impute (support=2/2)
A4-ctx-dataset-ECL-band-0-10pct,RQ6-A4,Dataset,dataset,ECL,dataset = ECL AND missing_rate_band = 0-10%,No imputation,2,3,0.6667,1,165,JEŚLI Dataset = ECL i missing_rate_band = 0-10% TO rozważ model rekonstrukcji: No imputation (support=2/3)
A4-ctx-dataset-ETT-band-0-10pct,RQ6-A4,Dataset,dataset,ETT,dataset = ETT AND missing_rate_band = 0-10%,Decay attention,2,3,0.6667,1,165,JEŚLI Dataset = ETT i missing_rate_band = 0-10% TO rozważ model rekonstrukcji: Decay attention (support=2/3)
A4-ctx-dataset-Exchange-Rate-band-0-10pct,RQ6-A4,Dataset,dataset,Exchange Rate,dataset = Exchange Rate AND missing_rate_band = 0-10%,No imputation,2,3,0.6667,1,165,JEŚLI Dataset = Exchange Rate i missing_rate_band = 0-10% TO rozważ model rekonstrukcji: No imputation (support=2/3)
A4-ctx-dataset-GSA-band-90-100pct,RQ6-A4,Dataset,dataset,GSA,dataset = GSA AND missing_rate_band = 90-100%,SBL,2,2,1.0,1,76,JEŚLI Dataset = GSA i missing_rate_band = 90-100% TO rozważ model rekonstrukcji: SBL (support=2/2)
A4-ctx-dataset-Jenkins-Box-Gas-Furnace-band-10-20pct,RQ6-A4,Dataset,dataset,Jenkins-Box Gas Furnace,dataset = Jenkins-Box Gas Furnace AND missing_rate_band = 10-20%,LTI,2,2,1.0,1,7,JEŚLI Dataset = Jenkins-Box Gas Furnace i missing_rate_band = 10-20% TO rozważ model rekonstrukcji: LTI (support=2/2)
A4-ctx-dataset-Jenkins-Box-Gas-Furnace-band-20-30pct,RQ6-A4,Dataset,dataset,Jenkins-Box Gas Furnace,dataset = Jenkins-Box Gas Furnace AND missing_rate_band = 20-30%,LTI,2,2,1.0,1,7,JEŚLI Dataset = Jenkins-Box Gas Furnace i missing_rate_band = 20-30% TO rozważ model rekonstrukcji: LTI (support=2/2)
A4-ctx-dataset-Motes-band-90-100pct,RQ6-A4,Dataset,dataset,Motes,dataset = Motes AND missing_rate_band = 90-100%,SBL,2,2,1.0,1,76,JEŚLI Dataset = Motes i missing_rate_band = 90-100% TO rozważ model rekonstrukcji: SBL (support=2/2)
A4-ctx-dataset-NAB-Numenta-Anomaly-Benchmark-band-10-20pct,RQ6-A4,Dataset,dataset,NAB (Numenta Anomaly Benchmark),dataset = NAB (Numenta Anomaly Benchmark) AND missing_rate_band = 10-20%,pi - M,2,2,1.0,1,284,JEŚLI Dataset = NAB (Numenta Anomaly Benchmark) i missing_rate_band = 10-20% TO rozważ model rekonstrukcji: pi - M (support=2/2)
A4-ctx-dataset-OLD-Ozone-Level-Detection-band-10-20pct,RQ6-A4,Dataset,dataset,OLD : Ozone Level Detection,dataset = OLD : Ozone Level Detection AND missing_rate_band = 10-20%,PI (pisane wielkim symbolem),2,2,1.0,1,284,JEŚLI Dataset = OLD : Ozone Level Detection i missing_rate_band = 10-20% TO rozważ model rekonstrukcji: PI (pisane wielkim symbolem) (support=2/2)
A4-ctx-dataset-Poland-s-electricity-load-band-10-20pct,RQ6-A4,Dataset,dataset,Poland's electricity load,dataset = Poland's electricity load AND missing_rate_band = 10-20%,Hot-Deck,2,2,1.0,1,7,JEŚLI Dataset = Poland's electricity load i missing_rate_band = 10-20% TO rozważ model rekonstrukcji: Hot-Deck (support=2/2)
A4-ctx-dataset-Poland-s-electricity-load-band-20-30pct,RQ6-A4,Dataset,dataset,Poland's electricity load,dataset = Poland's electricity load AND missing_rate_band = 20-30%,Hot-Deck,2,2,1.0,1,7,JEŚLI Dataset = Poland's electricity load i missing_rate_band = 20-30% TO rozważ model rekonstrukcji: Hot-Deck (support=2/2)
A4-ctx-dataset-Sea-Surface-Temperature-band-90-100pct,RQ6-A4,Dataset,dataset,Sea-Surface Temperature,dataset = Sea-Surface Temperature AND missing_rate_band = 90-100%,SBL,2,2,1.0,1,76,JEŚLI Dataset = Sea-Surface Temperature i missing_rate_band = 90-100% TO rozważ model rekonstrukcji: SBL (support=2/2)
A4-ctx-dataset-Sinc-band-10-20pct,RQ6-A4,Dataset,dataset,Sinc,dataset = Sinc AND missing_rate_band = 10-20%,LTI,2,2,1.0,1,7,JEŚLI Dataset = Sinc i missing_rate_band = 10-20% TO rozważ model rekonstrukcji: LTI (support=2/2)
A4-ctx-dataset-Sinc-band-20-30pct,RQ6-A4,Dataset,dataset,Sinc,dataset = Sinc AND missing_rate_band = 20-30%,LTI,2,2,1.0,1,7,JEŚLI Dataset = Sinc i missing_rate_band = 20-30% TO rozważ model rekonstrukcji: LTI (support=2/2)
A4-ctx-dataset-Sine-band-10-20pct,RQ6-A4,Dataset,dataset,Sine,dataset = Sine AND missing_rate_band = 10-20%,LTI,2,2,1.0,1,7,JEŚLI Dataset = Sine i missing_rate_band = 10-20% TO rozważ model rekonstrukcji: LTI (support=2/2)
A4-ctx-dataset-Sine-band-20-30pct,RQ6-A4,Dataset,dataset,Sine,dataset = Sine AND missing_rate_band = 20-30%,LTI,2,2,1.0,1,7,JEŚLI Dataset = Sine i missing_rate_band = 20-30% TO rozważ model rekonstrukcji: LTI (support=2/2)
A4-ctx-dataset-Sunspot-band-20-30pct,RQ6-A4,Dataset,dataset,Sunspot,dataset = Sunspot AND missing_rate_band = 20-30%,LTI,2,2,1.0,1,7,JEŚLI Dataset = Sunspot i missing_rate_band = 20-30% TO rozważ model rekonstrukcji: LTI (support=2/2)
A4-ctx-dataset-WTH-band-0-10pct,RQ6-A4,Dataset,dataset,WTH,dataset = WTH AND missing_rate_band = 0-10%,Decay attention,2,3,0.6667,1,165,JEŚLI Dataset = WTH i missing_rate_band = 0-10% TO rozważ model rekonstrukcji: Decay attention (support=2/3)
A4-ctx-dataset_domain-Chemical-band-10-20pct,RQ6-A4,Dataset domain,dataset_domain,Chemical,dataset_domain = Chemical AND missing_rate_band = 10-20%,LTI,2,2,1.0,1,7,JEŚLI Dataset domain = Chemical i missing_rate_band = 10-20% TO rozważ model rekonstrukcji: LTI (support=2/2)
A4-ctx-dataset_domain-Chemical-band-20-30pct,RQ6-A4,Dataset domain,dataset_domain,Chemical,dataset_domain = Chemical AND missing_rate_band = 20-30%,LTI,2,2,1.0,1,7,JEŚLI Dataset domain = Chemical i missing_rate_band = 20-30% TO rozważ model rekonstrukcji: LTI (support=2/2)
A4-ctx-dataset_domain-Chemical-band-90-100pct,RQ6-A4,Dataset domain,dataset_domain,Chemical,dataset_domain = Chemical AND missing_rate_band = 90-100%,SBL,2,2,1.0,1,76,JEŚLI Dataset domain = Chemical i missing_rate_band = 90-100% TO rozważ model rekonstrukcji: SBL (support=2/2)
A4-ctx-dataset_domain-Climate-band-20-30pct,RQ6-A4,Dataset domain,dataset_domain,Climate,dataset_domain = Climate AND missing_rate_band = 20-30%,LTI,2,6,0.3333,1,7,JEŚLI Dataset domain = Climate i missing_rate_band = 20-30% TO rozważ model rekonstrukcji: LTI (support=2/6)
A4-ctx-dataset_domain-Climate-band-50-60pct,RQ6-A4,Dataset domain,dataset_domain,Climate,dataset_domain = Climate AND missing_rate_band = 50-60%,SBL,2,5,0.4,1,76,JEŚLI Dataset domain = Climate i missing_rate_band = 50-60% TO rozważ model rekonstrukcji: SBL (support=2/5)
A4-ctx-dataset_domain-Climate-band-80-90pct,RQ6-A4,Dataset domain,dataset_domain,Climate,dataset_domain = Climate AND missing_rate_band = 80-90%,SBL,2,2,1.0,1,76,JEŚLI Dataset domain = Climate i missing_rate_band = 80-90% TO rozważ model rekonstrukcji: SBL (support=2/2)
A4-ctx-dataset_domain-Electrical-band-30-40pct,RQ6-A4,Dataset domain,dataset_domain,Electrical,dataset_domain = Electrical AND missing_rate_band = 30-40%,KNN Impute,2,4,0.5,1,158,JEŚLI Dataset domain = Electrical i missing_rate_band = 30-40% TO rozważ model rekonstrukcji: KNN Impute (support=2/4)
A4-ctx-dataset_domain-Finance-band-0-10pct,RQ6-A4,Dataset domain,dataset_domain,Finance,dataset_domain = Finance AND missing_rate_band = 0-10%,No imputation,2,3,0.6667,1,165,JEŚLI Dataset domain = Finance i missing_rate_band = 0-10% TO rozważ model rekonstrukcji: No imputation (support=2/3)
A4-ctx-dataset_domain-Industrial-band-10-20pct,RQ6-A4,Dataset domain,dataset_domain,Industrial,dataset_domain = Industrial AND missing_rate_band = 10-20%,pi - M,2,2,1.0,1,284,JEŚLI Dataset domain = Industrial i missing_rate_band = 10-20% TO rozważ model rekonstrukcji: pi - M (support=2/2)
A4-ctx-dataset_domain-Traffic-band-50-60pct,RQ6-A4,Dataset domain,dataset_domain,Traffic,dataset_domain = Traffic AND missing_rate_band = 50-60%,IA,2,4,0.5,1,2,JEŚLI Dataset domain = Traffic i missing_rate_band = 50-60% TO rozważ model rekonstrukcji: IA (support=2/4)
A4-ctx-dataset_domain-Traffic-band-70-80pct,RQ6-A4,Dataset domain,dataset_domain,Traffic,dataset_domain = Traffic AND missing_rate_band = 70-80%,IA,2,4,0.5,1,2,JEŚLI Dataset domain = Traffic i missing_rate_band = 70-80% TO rozważ model rekonstrukcji: IA (support=2/4)
A4-ctx-dataset_domain-Traffic-band-90-100pct,RQ6-A4,Dataset domain,dataset_domain,Traffic,dataset_domain = Traffic AND missing_rate_band = 90-100%,IA,2,4,0.5,1,2,JEŚLI Dataset domain = Traffic i missing_rate_band = 90-100% TO rozważ model rekonstrukcji: IA (support=2/4)
A4-ctx-order-3-band-10-20pct,RQ6-A4,Order,order,3,order = 3 AND missing_rate_band = 10-20%,ARL Simpute,2,2,1.0,1,16,JEŚLI Order = 3 i missing_rate_band = 10-20% TO rozważ model rekonstrukcji: ARL Simpute (support=2/2)
A4-ctx-order-4-band-10-20pct,RQ6-A4,Order,order,4,order = 4 AND missing_rate_band = 10-20%,ARL Simpute,2,2,1.0,1,16,JEŚLI Order = 4 i missing_rate_band = 10-20% TO rozważ model rekonstrukcji: ARL Simpute (support=2/2)
A4-ctx-task_model-AR-band-20-30pct,RQ6-A4,Task Models,task_model,AR,task_model = AR AND missing_rate_band = 20-30%,ARL Simpute,2,3,0.6667,1,16,JEŚLI Task Models = AR i missing_rate_band = 20-30% TO rozważ model rekonstrukcji: ARL Simpute (support=2/3)
A4-ctx-task_model-FFNN-band-10-20pct,RQ6-A4,Task Models,task_model,FFNN,task_model = FFNN AND missing_rate_band = 10-20%,Ensemble (Forward + Backward),2,2,1.0,1,283,JEŚLI Task Models = FFNN i missing_rate_band = 10-20% TO rozważ model rekonstrukcji: Ensemble (Forward + Backward) (support=2/2)
A4-ctx-task_model-FFNN-band-20-30pct,RQ6-A4,Task Models,task_model,FFNN,task_model = FFNN AND missing_rate_band = 20-30%,Ensemble (Forward + Backward),2,2,1.0,1,283,JEŚLI Task Models = FFNN i missing_rate_band = 20-30% TO rozważ model rekonstrukcji: Ensemble (Forward + Backward) (support=2/2)
A4-ctx-task_model-FFNN-band-30-40pct,RQ6-A4,Task Models,task_model,FFNN,task_model = FFNN AND missing_rate_band = 30-40%,Ensemble (Forward + Backward),2,2,1.0,1,283,JEŚLI Task Models = FFNN i missing_rate_band = 30-40% TO rozważ model rekonstrukcji: Ensemble (Forward + Backward) (support=2/2)
A4-ctx-task_model-FFNN-band-40-50pct,RQ6-A4,Task Models,task_model,FFNN,task_model = FFNN AND missing_rate_band = 40-50%,Ensemble (Forward + Backward),2,2,1.0,1,283,JEŚLI Task Models = FFNN i missing_rate_band = 40-50% TO rozważ model rekonstrukcji: Ensemble (Forward + Backward) (support=2/2)
A4-ctx-task_model-Holt-s-Expotential-Smoothing-band-10-20pct,RQ6-A4,Task Models,task_model,Holt's Expotential Smoothing,task_model = Holt's Expotential Smoothing AND missing_rate_band = 10-20%,Ensemble (Forward + Backward),2,2,1.0,1,283,JEŚLI Task Models = Holt's Expotential Smoothing i missing_rate_band = 10-20% TO rozważ model rekonstrukcji: Ensemble (Forward + Backward) (support=2/2)
A4-ctx-task_model-Holt-s-Expotential-Smoothing-band-20-30pct,RQ6-A4,Task Models,task_model,Holt's Expotential Smoothing,task_model = Holt's Expotential Smoothing AND missing_rate_band = 20-30%,Ensemble (Forward + Backward),2,2,1.0,1,283,JEŚLI Task Models = Holt's Expotential Smoothing i missing_rate_band = 20-30% TO rozważ model rekonstrukcji: Ensemble (Forward + Backward) (support=2/2)
A4-ctx-task_model-Holt-s-Expotential-Smoothing-band-30-40pct,RQ6-A4,Task Models,task_model,Holt's Expotential Smoothing,task_model = Holt's Expotential Smoothing AND missing_rate_band = 30-40%,Ensemble (Forward + Backward),2,2,1.0,1,283,JEŚLI Task Models = Holt's Expotential Smoothing i missing_rate_band = 30-40% TO rozważ model rekonstrukcji: Ensemble (Forward + Backward) (support=2/2)
A4-ctx-task_model-Holt-s-Expotential-Smoothing-band-40-50pct,RQ6-A4,Task Models,task_model,Holt's Expotential Smoothing,task_model = Holt's Expotential Smoothing AND missing_rate_band = 40-50%,Ensemble (Forward + Backward),2,2,1.0,1,283,JEŚLI Task Models = Holt's Expotential Smoothing i missing_rate_band = 40-50% TO rozważ model rekonstrukcji: Ensemble (Forward + Backward) (support=2/2)
A4-ctx-task_model-MA-band-10-20pct,RQ6-A4,Task Models,task_model,MA,task_model = MA AND missing_rate_band = 10-20%,Ensemble (Forward + Backward),2,2,1.0,1,283,JEŚLI Task Models = MA i missing_rate_band = 10-20% TO rozważ model rekonstrukcji: Ensemble (Forward + Backward) (support=2/2)
A4-ctx-task_model-MA-band-20-30pct,RQ6-A4,Task Models,task_model,MA,task_model = MA AND missing_rate_band = 20-30%,Ensemble (Forward + Backward),2,2,1.0,1,283,JEŚLI Task Models = MA i missing_rate_band = 20-30% TO rozważ model rekonstrukcji: Ensemble (Forward + Backward) (support=2/2)
A4-ctx-task_model-MA-band-30-40pct,RQ6-A4,Task Models,task_model,MA,task_model = MA AND missing_rate_band = 30-40%,Ensemble (Forward + Backward),2,2,1.0,1,283,JEŚLI Task Models = MA i missing_rate_band = 30-40% TO rozważ model rekonstrukcji: Ensemble (Forward + Backward) (support=2/2)
A4-ctx-task_model-MA-band-40-50pct,RQ6-A4,Task Models,task_model,MA,task_model = MA AND missing_rate_band = 40-50%,Ensemble (Forward + Backward),2,2,1.0,1,283,JEŚLI Task Models = MA i missing_rate_band = 40-50% TO rozważ model rekonstrukcji: Ensemble (Forward + Backward) (support=2/2)
A4-ctx-task_model-RNN-band-0-10pct,RQ6-A4,Task Models,task_model,RNN,task_model = RNN AND missing_rate_band = 0-10%,PI - mi,2,5,0.4,1,284,JEŚLI Task Models = RNN i missing_rate_band = 0-10% TO rozważ model rekonstrukcji: PI - mi (support=2/5)
A4-ctx-task_model-RNN-band-20-30pct,RQ6-A4,Task Models,task_model,RNN,task_model = RNN AND missing_rate_band = 20-30%,Standard attention mechanism,2,5,0.4,1,284,JEŚLI Task Models = RNN i missing_rate_band = 20-30% TO rozważ model rekonstrukcji: Standard attention mechanism (support=2/5)
A4-ctx-task_model-RNN-band-30-40pct,RQ6-A4,Task Models,task_model,RNN,task_model = RNN AND missing_rate_band = 30-40%,pi - M,2,6,0.3333,1,284,JEŚLI Task Models = RNN i missing_rate_band = 30-40% TO rozważ model rekonstrukcji: pi - M (support=2/6)
