rule_id,analysis_type,research_question,config_key,article_id,title,dataset,task_model,missing_rate,missing_rate_band,missing_rate_unknown_reason,metrics,winners,agreement,note
A3-metrics-107-107|Imcheon-myeon|Climate||Not,multi_metric_consistency,RQ6-A3,107|Imcheon-myeon|Climate||Not specified|mape: reverse|36hr|||,107,The Development of an LSTM Model to Predict Time Series Missing Data of Air Temperature inside Fattening Pig Houses,Imcheon-myeon,Not specified,,nieznany,brak_wartosci,MAPE;RMSE,LSTM/Bi-LSTM(1);LSTM(1),metryki_wskazuja_rozne_modele,Ten sam algorytm wygrywa na wszystkich metrykach rekonstrukcji w tej konfiguracji (proxy spójności jakości)
A3-metrics-107-107|Imcheon-myeon|Climate||Not,multi_metric_consistency,RQ6-A3,107|Imcheon-myeon|Climate||Not specified|reverse|12hr|||,107,The Development of an LSTM Model to Predict Time Series Missing Data of Air Temperature inside Fattening Pig Houses,Imcheon-myeon,Not specified,,nieznany,brak_wartosci,MAPE;RMSE,Bi-LSTM(2),wszystkie_metryki_zgodne,Ten sam algorytm wygrywa na wszystkich metrykach rekonstrukcji w tej konfiguracji (proxy spójności jakości)
A3-metrics-107-107|Imcheon-myeon|Climate||Not,multi_metric_consistency,RQ6-A3,107|Imcheon-myeon|Climate||Not specified|reverse|24hr|||,107,The Development of an LSTM Model to Predict Time Series Missing Data of Air Temperature inside Fattening Pig Houses,Imcheon-myeon,Not specified,,nieznany,brak_wartosci,MAPE;RMSE,Bi-LSTM(2),wszystkie_metryki_zgodne,Ten sam algorytm wygrywa na wszystkich metrykach rekonstrukcji w tej konfiguracji (proxy spójności jakości)
A3-metrics-107-107|Imcheon-myeon|Climate||Not,multi_metric_consistency,RQ6-A3,107|Imcheon-myeon|Climate||Not specified|reverse|2hr|||,107,The Development of an LSTM Model to Predict Time Series Missing Data of Air Temperature inside Fattening Pig Houses,Imcheon-myeon,Not specified,,nieznany,brak_wartosci,MAPE;RMSE,LSTM(2),wszystkie_metryki_zgodne,Ten sam algorytm wygrywa na wszystkich metrykach rekonstrukcji w tej konfiguracji (proxy spójności jakości)
A3-metrics-107-107|Imcheon-myeon|Climate||Not,multi_metric_consistency,RQ6-A3,107|Imcheon-myeon|Climate||Not specified|reverse|3hr|||,107,The Development of an LSTM Model to Predict Time Series Missing Data of Air Temperature inside Fattening Pig Houses,Imcheon-myeon,Not specified,,nieznany,brak_wartosci,MAPE;RMSE,Bi-LSTM(2),wszystkie_metryki_zgodne,Ten sam algorytm wygrywa na wszystkich metrykach rekonstrukcji w tej konfiguracji (proxy spójności jakości)
A3-metrics-107-107|Imcheon-myeon|Climate||Not,multi_metric_consistency,RQ6-A3,107|Imcheon-myeon|Climate||Not specified|reverse|48hr|||,107,The Development of an LSTM Model to Predict Time Series Missing Data of Air Temperature inside Fattening Pig Houses,Imcheon-myeon,Not specified,,nieznany,brak_wartosci,MAPE;RMSE,LSTM(2),wszystkie_metryki_zgodne,Ten sam algorytm wygrywa na wszystkich metrykach rekonstrukcji w tej konfiguracji (proxy spójności jakości)
A3-metrics-107-107|Imcheon-myeon|Climate||Not,multi_metric_consistency,RQ6-A3,107|Imcheon-myeon|Climate||Not specified|reverse|6hr|||,107,The Development of an LSTM Model to Predict Time Series Missing Data of Air Temperature inside Fattening Pig Houses,Imcheon-myeon,Not specified,,nieznany,brak_wartosci,MAPE;RMSE,Bi-LSTM(2),wszystkie_metryki_zgodne,Ten sam algorytm wygrywa na wszystkich metrykach rekonstrukcji w tej konfiguracji (proxy spójności jakości)
A3-metrics-107-107|Imcheon-myeon|Climate||Not,multi_metric_consistency,RQ6-A3,107|Imcheon-myeon|Climate||Not specified|reverse|9hr|||,107,The Development of an LSTM Model to Predict Time Series Missing Data of Air Temperature inside Fattening Pig Houses,Imcheon-myeon,Not specified,,nieznany,brak_wartosci,MAPE;RMSE,Bi-LSTM(2),wszystkie_metryki_zgodne,Ten sam algorytm wygrywa na wszystkich metrykach rekonstrukcji w tej konfiguracji (proxy spójności jakości)
A3-metrics-107-107|Imcheon-myeon|Climate||Not,multi_metric_consistency,RQ6-A3,107|Imcheon-myeon|Climate||Not specified||1hr|||,107,The Development of an LSTM Model to Predict Time Series Missing Data of Air Temperature inside Fattening Pig Houses,Imcheon-myeon,Not specified,,nieznany,brak_wartosci,MAPE;RMSE,Bi-LSTM(2),wszystkie_metryki_zgodne,Ten sam algorytm wygrywa na wszystkich metrykach rekonstrukcji w tej konfiguracji (proxy spójności jakości)
A3-metrics-121-121|Self-generated|Not specifi,multi_metric_consistency,RQ6-A3,121|Self-generated|Not specified||Not specified|||||10,121,Reconstruction and Prediction of Chaotic Time Series with Missing Data: Leveraging Dynamical Correlations Between Variables,Self-generated,Not specified,10,10-20%,,MAPE;RMSE,LNS_PM(5);DeepVar(3),metryki_wskazuja_rozne_modele,Ten sam algorytm wygrywa na wszystkich metrykach rekonstrukcji w tej konfiguracji (proxy spójności jakości)
A3-metrics-121-121|Self-generated|Not specifi,multi_metric_consistency,RQ6-A3,121|Self-generated|Not specified||Not specified|||||20,121,Reconstruction and Prediction of Chaotic Time Series with Missing Data: Leveraging Dynamical Correlations Between Variables,Self-generated,Not specified,20,20-30%,,MAPE;RMSE,LNS_PM(5);DeepVar(2);LNS_PM/NST(1),metryki_wskazuja_rozne_modele,Ten sam algorytm wygrywa na wszystkich metrykach rekonstrukcji w tej konfiguracji (proxy spójności jakości)
A3-metrics-121-121|Self-generated|Not specifi,multi_metric_consistency,RQ6-A3,121|Self-generated|Not specified||Not specified|||||30,121,Reconstruction and Prediction of Chaotic Time Series with Missing Data: Leveraging Dynamical Correlations Between Variables,Self-generated,Not specified,30,30-40%,,MAPE;RMSE,LNS_PM(6);DeepVar(2),metryki_wskazuja_rozne_modele,Ten sam algorytm wygrywa na wszystkich metrykach rekonstrukcji w tej konfiguracji (proxy spójności jakości)
A3-metrics-121-121|Self-generated|Not specifi,multi_metric_consistency,RQ6-A3,121|Self-generated|Not specified||Not specified|||||40,121,Reconstruction and Prediction of Chaotic Time Series with Missing Data: Leveraging Dynamical Correlations Between Variables,Self-generated,Not specified,40,40-50%,,MAPE;RMSE,LNS_PM(6);DeepVar(2),metryki_wskazuja_rozne_modele,Ten sam algorytm wygrywa na wszystkich metrykach rekonstrukcji w tej konfiguracji (proxy spójności jakości)
A3-metrics-121-121|Self-generated|Not specifi,multi_metric_consistency,RQ6-A3,121|Self-generated|Not specified||Not specified|||||50,121,Reconstruction and Prediction of Chaotic Time Series with Missing Data: Leveraging Dynamical Correlations Between Variables,Self-generated,Not specified,50,50-60%,,MAPE;RMSE,LNS_PM(8),wszystkie_metryki_zgodne,Ten sam algorytm wygrywa na wszystkich metrykach rekonstrukcji w tej konfiguracji (proxy spójności jakości)
A3-metrics-126-126|ECG5000|||ASTGCN|||||15,multi_metric_consistency,RQ6-A3,126|ECG5000|||ASTGCN|||||15,126,Reconstructing Missing Variables for Multivariate Time Series Forecasting via Conditional Generative Flows,ECG5000,ASTGCN,15,10-20%,,MAE;RMSE,TRF(2),wszystkie_metryki_zgodne,Ten sam algorytm wygrywa na wszystkich metrykach rekonstrukcji w tej konfiguracji (proxy spójności jakości)
A3-metrics-126-126|ECG5000|||ASTGCN|||||25,multi_metric_consistency,RQ6-A3,126|ECG5000|||ASTGCN|||||25,126,Reconstructing Missing Variables for Multivariate Time Series Forecasting via Conditional Generative Flows,ECG5000,ASTGCN,25,20-30%,,MAE;RMSE,TRF(2),wszystkie_metryki_zgodne,Ten sam algorytm wygrywa na wszystkich metrykach rekonstrukcji w tej konfiguracji (proxy spójności jakości)
A3-metrics-126-126|ECG5000|||ASTGCN|||||5,multi_metric_consistency,RQ6-A3,126|ECG5000|||ASTGCN|||||5,126,Reconstructing Missing Variables for Multivariate Time Series Forecasting via Conditional Generative Flows,ECG5000,ASTGCN,5,0-10%,,MAE;RMSE,TRF(2),wszystkie_metryki_zgodne,Ten sam algorytm wygrywa na wszystkich metrykach rekonstrukcji w tej konfiguracji (proxy spójności jakości)
A3-metrics-126-126|ECG5000|||MTGNN|||||15,multi_metric_consistency,RQ6-A3,126|ECG5000|||MTGNN|||||15,126,Reconstructing Missing Variables for Multivariate Time Series Forecasting via Conditional Generative Flows,ECG5000,MTGNN,15,10-20%,,MAE;RMSE,TRF(2),wszystkie_metryki_zgodne,Ten sam algorytm wygrywa na wszystkich metrykach rekonstrukcji w tej konfiguracji (proxy spójności jakości)
A3-metrics-126-126|ECG5000|||MTGNN|||||25,multi_metric_consistency,RQ6-A3,126|ECG5000|||MTGNN|||||25,126,Reconstructing Missing Variables for Multivariate Time Series Forecasting via Conditional Generative Flows,ECG5000,MTGNN,25,20-30%,,MAE;RMSE,TRF(4),wszystkie_metryki_zgodne,Ten sam algorytm wygrywa na wszystkich metrykach rekonstrukcji w tej konfiguracji (proxy spójności jakości)
A3-metrics-126-126|ECG5000|||MTGNN|||||5,multi_metric_consistency,RQ6-A3,126|ECG5000|||MTGNN|||||5,126,Reconstructing Missing Variables for Multivariate Time Series Forecasting via Conditional Generative Flows,ECG5000,MTGNN,5,0-10%,,MAE;RMSE,TRF(2),wszystkie_metryki_zgodne,Ten sam algorytm wygrywa na wszystkich metrykach rekonstrukcji w tej konfiguracji (proxy spójności jakości)
A3-metrics-126-126|ECG5000|||T-GCN|||||15,multi_metric_consistency,RQ6-A3,126|ECG5000|||T-GCN|||||15,126,Reconstructing Missing Variables for Multivariate Time Series Forecasting via Conditional Generative Flows,ECG5000,T-GCN,15,10-20%,,MAE;RMSE,TRF(2),wszystkie_metryki_zgodne,Ten sam algorytm wygrywa na wszystkich metrykach rekonstrukcji w tej konfiguracji (proxy spójności jakości)
A3-metrics-126-126|ECG5000|||T-GCN|||||25,multi_metric_consistency,RQ6-A3,126|ECG5000|||T-GCN|||||25,126,Reconstructing Missing Variables for Multivariate Time Series Forecasting via Conditional Generative Flows,ECG5000,T-GCN,25,20-30%,,MAE;RMSE,TRF(2),wszystkie_metryki_zgodne,Ten sam algorytm wygrywa na wszystkich metrykach rekonstrukcji w tej konfiguracji (proxy spójności jakości)
A3-metrics-126-126|ECG5000|||T-GCN|||||5,multi_metric_consistency,RQ6-A3,126|ECG5000|||T-GCN|||||5,126,Reconstructing Missing Variables for Multivariate Time Series Forecasting via Conditional Generative Flows,ECG5000,T-GCN,5,0-10%,,MAE;RMSE,TRF(2),wszystkie_metryki_zgodne,Ten sam algorytm wygrywa na wszystkich metrykach rekonstrukcji w tej konfiguracji (proxy spójności jakości)
A3-metrics-126-126|METR-LA|||ASTGCN|||||15,multi_metric_consistency,RQ6-A3,126|METR-LA|||ASTGCN|||||15,126,Reconstructing Missing Variables for Multivariate Time Series Forecasting via Conditional Generative Flows,METR-LA,ASTGCN,15,10-20%,,MAE;RMSE,TRF(2),wszystkie_metryki_zgodne,Ten sam algorytm wygrywa na wszystkich metrykach rekonstrukcji w tej konfiguracji (proxy spójności jakości)
A3-metrics-126-126|METR-LA|||ASTGCN|||||25,multi_metric_consistency,RQ6-A3,126|METR-LA|||ASTGCN|||||25,126,Reconstructing Missing Variables for Multivariate Time Series Forecasting via Conditional Generative Flows,METR-LA,ASTGCN,25,20-30%,,MAE;RMSE,TRF(2),wszystkie_metryki_zgodne,Ten sam algorytm wygrywa na wszystkich metrykach rekonstrukcji w tej konfiguracji (proxy spójności jakości)
A3-metrics-126-126|METR-LA|||ASTGCN|||||5,multi_metric_consistency,RQ6-A3,126|METR-LA|||ASTGCN|||||5,126,Reconstructing Missing Variables for Multivariate Time Series Forecasting via Conditional Generative Flows,METR-LA,ASTGCN,5,0-10%,,MAE;RMSE,TRF(2),wszystkie_metryki_zgodne,Ten sam algorytm wygrywa na wszystkich metrykach rekonstrukcji w tej konfiguracji (proxy spójności jakości)
A3-metrics-126-126|METR-LA|||MTGNN|||||15,multi_metric_consistency,RQ6-A3,126|METR-LA|||MTGNN|||||15,126,Reconstructing Missing Variables for Multivariate Time Series Forecasting via Conditional Generative Flows,METR-LA,MTGNN,15,10-20%,,MAE;RMSE,TRF(2),wszystkie_metryki_zgodne,Ten sam algorytm wygrywa na wszystkich metrykach rekonstrukcji w tej konfiguracji (proxy spójności jakości)
A3-metrics-126-126|METR-LA|||MTGNN|||||25,multi_metric_consistency,RQ6-A3,126|METR-LA|||MTGNN|||||25,126,Reconstructing Missing Variables for Multivariate Time Series Forecasting via Conditional Generative Flows,METR-LA,MTGNN,25,20-30%,,MAE;RMSE,TRF(4),wszystkie_metryki_zgodne,Ten sam algorytm wygrywa na wszystkich metrykach rekonstrukcji w tej konfiguracji (proxy spójności jakości)
A3-metrics-126-126|METR-LA|||MTGNN|||||5,multi_metric_consistency,RQ6-A3,126|METR-LA|||MTGNN|||||5,126,Reconstructing Missing Variables for Multivariate Time Series Forecasting via Conditional Generative Flows,METR-LA,MTGNN,5,0-10%,,MAE;RMSE,TRF(2),wszystkie_metryki_zgodne,Ten sam algorytm wygrywa na wszystkich metrykach rekonstrukcji w tej konfiguracji (proxy spójności jakości)
A3-metrics-126-126|METR-LA|||T-GCN|||||15,multi_metric_consistency,RQ6-A3,126|METR-LA|||T-GCN|||||15,126,Reconstructing Missing Variables for Multivariate Time Series Forecasting via Conditional Generative Flows,METR-LA,T-GCN,15,10-20%,,MAE;RMSE,TRF(2),wszystkie_metryki_zgodne,Ten sam algorytm wygrywa na wszystkich metrykach rekonstrukcji w tej konfiguracji (proxy spójności jakości)
A3-metrics-126-126|METR-LA|||T-GCN|||||25,multi_metric_consistency,RQ6-A3,126|METR-LA|||T-GCN|||||25,126,Reconstructing Missing Variables for Multivariate Time Series Forecasting via Conditional Generative Flows,METR-LA,T-GCN,25,20-30%,,MAE;RMSE,TRF(2),wszystkie_metryki_zgodne,Ten sam algorytm wygrywa na wszystkich metrykach rekonstrukcji w tej konfiguracji (proxy spójności jakości)
A3-metrics-126-126|METR-LA|||T-GCN|||||5,multi_metric_consistency,RQ6-A3,126|METR-LA|||T-GCN|||||5,126,Reconstructing Missing Variables for Multivariate Time Series Forecasting via Conditional Generative Flows,METR-LA,T-GCN,5,0-10%,,MAE;RMSE,TRF(2),wszystkie_metryki_zgodne,Ten sam algorytm wygrywa na wszystkich metrykach rekonstrukcji w tej konfiguracji (proxy spójności jakości)
A3-metrics-126-126|solar|||ASTGCN|||||15,multi_metric_consistency,RQ6-A3,126|solar|||ASTGCN|||||15,126,Reconstructing Missing Variables for Multivariate Time Series Forecasting via Conditional Generative Flows,solar,ASTGCN,15,10-20%,,MAE;RMSE,TRF(2),wszystkie_metryki_zgodne,Ten sam algorytm wygrywa na wszystkich metrykach rekonstrukcji w tej konfiguracji (proxy spójności jakości)
A3-metrics-126-126|solar|||ASTGCN|||||25,multi_metric_consistency,RQ6-A3,126|solar|||ASTGCN|||||25,126,Reconstructing Missing Variables for Multivariate Time Series Forecasting via Conditional Generative Flows,solar,ASTGCN,25,20-30%,,MAE;RMSE,TRF(2),wszystkie_metryki_zgodne,Ten sam algorytm wygrywa na wszystkich metrykach rekonstrukcji w tej konfiguracji (proxy spójności jakości)
A3-metrics-126-126|solar|||ASTGCN|||||5,multi_metric_consistency,RQ6-A3,126|solar|||ASTGCN|||||5,126,Reconstructing Missing Variables for Multivariate Time Series Forecasting via Conditional Generative Flows,solar,ASTGCN,5,0-10%,,MAE;RMSE,TRF(2),wszystkie_metryki_zgodne,Ten sam algorytm wygrywa na wszystkich metrykach rekonstrukcji w tej konfiguracji (proxy spójności jakości)
A3-metrics-126-126|solar|||MTGNN|||||15,multi_metric_consistency,RQ6-A3,126|solar|||MTGNN|||||15,126,Reconstructing Missing Variables for Multivariate Time Series Forecasting via Conditional Generative Flows,solar,MTGNN,15,10-20%,,MAE;RMSE,TRF(2),wszystkie_metryki_zgodne,Ten sam algorytm wygrywa na wszystkich metrykach rekonstrukcji w tej konfiguracji (proxy spójności jakości)
A3-metrics-126-126|solar|||MTGNN|||||25,multi_metric_consistency,RQ6-A3,126|solar|||MTGNN|||||25,126,Reconstructing Missing Variables for Multivariate Time Series Forecasting via Conditional Generative Flows,solar,MTGNN,25,20-30%,,MAE;RMSE,TRF(3);MICE(1),metryki_wskazuja_rozne_modele,Ten sam algorytm wygrywa na wszystkich metrykach rekonstrukcji w tej konfiguracji (proxy spójności jakości)
A3-metrics-126-126|solar|||MTGNN|||||5,multi_metric_consistency,RQ6-A3,126|solar|||MTGNN|||||5,126,Reconstructing Missing Variables for Multivariate Time Series Forecasting via Conditional Generative Flows,solar,MTGNN,5,0-10%,,MAE;RMSE,TRF(2),wszystkie_metryki_zgodne,Ten sam algorytm wygrywa na wszystkich metrykach rekonstrukcji w tej konfiguracji (proxy spójności jakości)
A3-metrics-126-126|solar|||T-GCN|||||15,multi_metric_consistency,RQ6-A3,126|solar|||T-GCN|||||15,126,Reconstructing Missing Variables for Multivariate Time Series Forecasting via Conditional Generative Flows,solar,T-GCN,15,10-20%,,MAE;RMSE,TRF(2),wszystkie_metryki_zgodne,Ten sam algorytm wygrywa na wszystkich metrykach rekonstrukcji w tej konfiguracji (proxy spójności jakości)
A3-metrics-126-126|solar|||T-GCN|||||25,multi_metric_consistency,RQ6-A3,126|solar|||T-GCN|||||25,126,Reconstructing Missing Variables for Multivariate Time Series Forecasting via Conditional Generative Flows,solar,T-GCN,25,20-30%,,MAE;RMSE,TRF(2),wszystkie_metryki_zgodne,Ten sam algorytm wygrywa na wszystkich metrykach rekonstrukcji w tej konfiguracji (proxy spójności jakości)
A3-metrics-126-126|solar|||T-GCN|||||5,multi_metric_consistency,RQ6-A3,126|solar|||T-GCN|||||5,126,Reconstructing Missing Variables for Multivariate Time Series Forecasting via Conditional Generative Flows,solar,T-GCN,5,0-10%,,MAE;RMSE,TRF(2),wszystkie_metryki_zgodne,Ten sam algorytm wygrywa na wszystkich metrykach rekonstrukcji w tej konfiguracji (proxy spójności jakości)
A3-metrics-126-126|traffic|||ASTGCN|||||15,multi_metric_consistency,RQ6-A3,126|traffic|||ASTGCN|||||15,126,Reconstructing Missing Variables for Multivariate Time Series Forecasting via Conditional Generative Flows,traffic,ASTGCN,15,10-20%,,MAE;RMSE,TRF(2),wszystkie_metryki_zgodne,Ten sam algorytm wygrywa na wszystkich metrykach rekonstrukcji w tej konfiguracji (proxy spójności jakości)
A3-metrics-126-126|traffic|||ASTGCN|||||25,multi_metric_consistency,RQ6-A3,126|traffic|||ASTGCN|||||25,126,Reconstructing Missing Variables for Multivariate Time Series Forecasting via Conditional Generative Flows,traffic,ASTGCN,25,20-30%,,MAE;RMSE,TRF(2),wszystkie_metryki_zgodne,Ten sam algorytm wygrywa na wszystkich metrykach rekonstrukcji w tej konfiguracji (proxy spójności jakości)
A3-metrics-126-126|traffic|||ASTGCN|||||5,multi_metric_consistency,RQ6-A3,126|traffic|||ASTGCN|||||5,126,Reconstructing Missing Variables for Multivariate Time Series Forecasting via Conditional Generative Flows,traffic,ASTGCN,5,0-10%,,MAE;RMSE,TRF(2),wszystkie_metryki_zgodne,Ten sam algorytm wygrywa na wszystkich metrykach rekonstrukcji w tej konfiguracji (proxy spójności jakości)
A3-metrics-126-126|traffic|||MTGNN|||||15,multi_metric_consistency,RQ6-A3,126|traffic|||MTGNN|||||15,126,Reconstructing Missing Variables for Multivariate Time Series Forecasting via Conditional Generative Flows,traffic,MTGNN,15,10-20%,,MAE;RMSE,TRF(2),wszystkie_metryki_zgodne,Ten sam algorytm wygrywa na wszystkich metrykach rekonstrukcji w tej konfiguracji (proxy spójności jakości)
A3-metrics-126-126|traffic|||MTGNN|||||25,multi_metric_consistency,RQ6-A3,126|traffic|||MTGNN|||||25,126,Reconstructing Missing Variables for Multivariate Time Series Forecasting via Conditional Generative Flows,traffic,MTGNN,25,20-30%,,MAE;RMSE,TRF(4),wszystkie_metryki_zgodne,Ten sam algorytm wygrywa na wszystkich metrykach rekonstrukcji w tej konfiguracji (proxy spójności jakości)
A3-metrics-126-126|traffic|||MTGNN|||||5,multi_metric_consistency,RQ6-A3,126|traffic|||MTGNN|||||5,126,Reconstructing Missing Variables for Multivariate Time Series Forecasting via Conditional Generative Flows,traffic,MTGNN,5,0-10%,,MAE;RMSE,TRF(2),wszystkie_metryki_zgodne,Ten sam algorytm wygrywa na wszystkich metrykach rekonstrukcji w tej konfiguracji (proxy spójności jakości)
A3-metrics-126-126|traffic|||T-GCN|||||15,multi_metric_consistency,RQ6-A3,126|traffic|||T-GCN|||||15,126,Reconstructing Missing Variables for Multivariate Time Series Forecasting via Conditional Generative Flows,traffic,T-GCN,15,10-20%,,MAE;RMSE,TRF(2),wszystkie_metryki_zgodne,Ten sam algorytm wygrywa na wszystkich metrykach rekonstrukcji w tej konfiguracji (proxy spójności jakości)
A3-metrics-126-126|traffic|||T-GCN|||||25,multi_metric_consistency,RQ6-A3,126|traffic|||T-GCN|||||25,126,Reconstructing Missing Variables for Multivariate Time Series Forecasting via Conditional Generative Flows,traffic,T-GCN,25,20-30%,,MAE;RMSE,TRF(2),wszystkie_metryki_zgodne,Ten sam algorytm wygrywa na wszystkich metrykach rekonstrukcji w tej konfiguracji (proxy spójności jakości)
A3-metrics-126-126|traffic|||T-GCN|||||5,multi_metric_consistency,RQ6-A3,126|traffic|||T-GCN|||||5,126,Reconstructing Missing Variables for Multivariate Time Series Forecasting via Conditional Generative Flows,traffic,T-GCN,5,0-10%,,MAE;RMSE,TRF(2),wszystkie_metryki_zgodne,Ten sam algorytm wygrywa na wszystkich metrykach rekonstrukcji w tej konfiguracji (proxy spójności jakości)
A3-metrics-129-129|WTI|Finance||Not specified,multi_metric_consistency,RQ6-A3,129|WTI|Finance||Not specified||168h|1||,129,Denoising or distortion: Does decomposition-reconstruction modeling paradigm provide a reliable prediction for crude oil price time series?,WTI,Not specified,,nieznany,brak_wartosci,Dstat;MAE;MAPE;MASE;RMSE,EEMD-RVFL(5),wszystkie_metryki_zgodne,Ten sam algorytm wygrywa na wszystkich metrykach rekonstrukcji w tej konfiguracji (proxy spójności jakości)
A3-metrics-129-129|WTI|Finance||Not specified,multi_metric_consistency,RQ6-A3,129|WTI|Finance||Not specified||168h|2||,129,Denoising or distortion: Does decomposition-reconstruction modeling paradigm provide a reliable prediction for crude oil price time series?,WTI,Not specified,,nieznany,brak_wartosci,Dstat;MAE;MAPE;MASE;RMSE,EEMD-RVFL(5),wszystkie_metryki_zgodne,Ten sam algorytm wygrywa na wszystkich metrykach rekonstrukcji w tej konfiguracji (proxy spójności jakości)
A3-metrics-129-129|WTI|Finance||Not specified,multi_metric_consistency,RQ6-A3,129|WTI|Finance||Not specified||168h|3||,129,Denoising or distortion: Does decomposition-reconstruction modeling paradigm provide a reliable prediction for crude oil price time series?,WTI,Not specified,,nieznany,brak_wartosci,Dstat;MAE;MAPE;MASE;RMSE,EEMD-RVFL(3);R-VMD-RVFL(1);BP(1),metryki_wskazuja_rozne_modele,Ten sam algorytm wygrywa na wszystkich metrykach rekonstrukcji w tej konfiguracji (proxy spójności jakości)
A3-metrics-129-129|WTI|Finance||Not specified,multi_metric_consistency,RQ6-A3,129|WTI|Finance||Not specified||720h|1||,129,Denoising or distortion: Does decomposition-reconstruction modeling paradigm provide a reliable prediction for crude oil price time series?,WTI,Not specified,,nieznany,brak_wartosci,Dstat;MAE;MAPE;MASE;RMSE,EEMD-RVFL(5),wszystkie_metryki_zgodne,Ten sam algorytm wygrywa na wszystkich metrykach rekonstrukcji w tej konfiguracji (proxy spójności jakości)
A3-metrics-129-129|WTI|Finance||Not specified,multi_metric_consistency,RQ6-A3,129|WTI|Finance||Not specified||720h|2||,129,Denoising or distortion: Does decomposition-reconstruction modeling paradigm provide a reliable prediction for crude oil price time series?,WTI,Not specified,,nieznany,brak_wartosci,Dstat;MAE;MAPE;MASE;RMSE,EEMD-RVFL(4);R-VMD-RVFL(1),metryki_wskazuja_rozne_modele,Ten sam algorytm wygrywa na wszystkich metrykach rekonstrukcji w tej konfiguracji (proxy spójności jakości)
A3-metrics-129-129|WTI|Finance||Not specified,multi_metric_consistency,RQ6-A3,129|WTI|Finance||Not specified||720h|3||,129,Denoising or distortion: Does decomposition-reconstruction modeling paradigm provide a reliable prediction for crude oil price time series?,WTI,Not specified,,nieznany,brak_wartosci,Dstat;MAE;MAPE;MASE;RMSE,R-VMD-RVFL(4);EEMD-RVFL(1),metryki_wskazuja_rozne_modele,Ten sam algorytm wygrywa na wszystkich metrykach rekonstrukcji w tej konfiguracji (proxy spójności jakości)
A3-metrics-150-150|Not specified||||||||,multi_metric_consistency,RQ6-A3,150|Not specified||||||||,150,"A novel wind power forecasting system integrating time series refining, nonlinear multi-objective optimized deep learning and linear error correction",Not specified,,,nieznany,brak_wartosci,IA;LMI;MAE;MSE;PCC (COR);R2;RMSE;STD;TIC,SVmD(36),wszystkie_metryki_zgodne,Ten sam algorytm wygrywa na wszystkich metrykach rekonstrukcji w tej konfiguracji (proxy spójności jakości)
A3-metrics-165-165|ECL|||Autoformer|||||5,multi_metric_consistency,RQ6-A3,165|ECL|||Autoformer|||||5,165,An improved self-attention for long-sequence time-series data forecasting with missing values,ECL,Autoformer,5,0-10%,,MAE;MSE;RMSE;RSquare,No imputation(4),wszystkie_metryki_zgodne,Ten sam algorytm wygrywa na wszystkich metrykach rekonstrukcji w tej konfiguracji (proxy spójności jakości)
A3-metrics-165-165|ECL|||Informer|||||5,multi_metric_consistency,RQ6-A3,165|ECL|||Informer|||||5,165,An improved self-attention for long-sequence time-series data forecasting with missing values,ECL,Informer,5,0-10%,,MAE;MSE;RMSE;RSquare,No imputation(4),wszystkie_metryki_zgodne,Ten sam algorytm wygrywa na wszystkich metrykach rekonstrukcji w tej konfiguracji (proxy spójności jakości)
A3-metrics-165-165|ECL|||Transformer|||||5,multi_metric_consistency,RQ6-A3,165|ECL|||Transformer|||||5,165,An improved self-attention for long-sequence time-series data forecasting with missing values,ECL,Transformer,5,0-10%,,MAE;MSE;RMSE;RSquare,Decay attention(4),wszystkie_metryki_zgodne,Ten sam algorytm wygrywa na wszystkich metrykach rekonstrukcji w tej konfiguracji (proxy spójności jakości)
A3-metrics-165-165|ETT|||Autoformer|||||5,multi_metric_consistency,RQ6-A3,165|ETT|||Autoformer|||||5,165,An improved self-attention for long-sequence time-series data forecasting with missing values,ETT,Autoformer,5,0-10%,,MAE;MSE;RMSE;RSquare,Decay attention(4),wszystkie_metryki_zgodne,Ten sam algorytm wygrywa na wszystkich metrykach rekonstrukcji w tej konfiguracji (proxy spójności jakości)
A3-metrics-165-165|ETT|||Informer|||||5,multi_metric_consistency,RQ6-A3,165|ETT|||Informer|||||5,165,An improved self-attention for long-sequence time-series data forecasting with missing values,ETT,Informer,5,0-10%,,MAE;MSE;RMSE;RSquare,No imputation(4),wszystkie_metryki_zgodne,Ten sam algorytm wygrywa na wszystkich metrykach rekonstrukcji w tej konfiguracji (proxy spójności jakości)
A3-metrics-165-165|ETT|||Transformer|||||25,multi_metric_consistency,RQ6-A3,165|ETT|||Transformer|||||25,165,An improved self-attention for long-sequence time-series data forecasting with missing values,ETT,Transformer,25,20-30%,,MAE;MSE,Decay attention(2),wszystkie_metryki_zgodne,Ten sam algorytm wygrywa na wszystkich metrykach rekonstrukcji w tej konfiguracji (proxy spójności jakości)
A3-metrics-165-165|ETT|||Transformer|||||5,multi_metric_consistency,RQ6-A3,165|ETT|||Transformer|||||5,165,An improved self-attention for long-sequence time-series data forecasting with missing values,ETT,Transformer,5,0-10%,,MAE;MSE;RMSE;RSquare,Decay attention(4),wszystkie_metryki_zgodne,Ten sam algorytm wygrywa na wszystkich metrykach rekonstrukcji w tej konfiguracji (proxy spójności jakości)
A3-metrics-165-165|Exchange Rate|||Autoformer,multi_metric_consistency,RQ6-A3,165|Exchange Rate|||Autoformer|||||5,165,An improved self-attention for long-sequence time-series data forecasting with missing values,Exchange Rate,Autoformer,5,0-10%,,MAE;MSE;RMSE;RSquare,No imputation(3);Decay attention(1),metryki_wskazuja_rozne_modele,Ten sam algorytm wygrywa na wszystkich metrykach rekonstrukcji w tej konfiguracji (proxy spójności jakości)
A3-metrics-165-165|Exchange Rate|||Informer||,multi_metric_consistency,RQ6-A3,165|Exchange Rate|||Informer|||||5,165,An improved self-attention for long-sequence time-series data forecasting with missing values,Exchange Rate,Informer,5,0-10%,,MAE;MSE;RMSE;RSquare,No imputation(4),wszystkie_metryki_zgodne,Ten sam algorytm wygrywa na wszystkich metrykach rekonstrukcji w tej konfiguracji (proxy spójności jakości)
A3-metrics-165-165|Exchange Rate|||Transforme,multi_metric_consistency,RQ6-A3,165|Exchange Rate|||Transformer|||||5,165,An improved self-attention for long-sequence time-series data forecasting with missing values,Exchange Rate,Transformer,5,0-10%,,MAE;MSE;RMSE;RSquare,Decay attention(4),wszystkie_metryki_zgodne,Ten sam algorytm wygrywa na wszystkich metrykach rekonstrukcji w tej konfiguracji (proxy spójności jakości)
A3-metrics-165-165|Influenza-Like Illness|||A,multi_metric_consistency,RQ6-A3,165|Influenza-Like Illness|||Autoformer|||||5,165,An improved self-attention for long-sequence time-series data forecasting with missing values,Influenza-Like Illness,Autoformer,5,0-10%,,MAE;MSE;RMSE;RSquare,Decay attention(3);No imputation(1),metryki_wskazuja_rozne_modele,Ten sam algorytm wygrywa na wszystkich metrykach rekonstrukcji w tej konfiguracji (proxy spójności jakości)
A3-metrics-165-165|Influenza-Like Illness|||I,multi_metric_consistency,RQ6-A3,165|Influenza-Like Illness|||Informer|||||5,165,An improved self-attention for long-sequence time-series data forecasting with missing values,Influenza-Like Illness,Informer,5,0-10%,,MAE;MSE;RMSE;RSquare,Decay attention(4),wszystkie_metryki_zgodne,Ten sam algorytm wygrywa na wszystkich metrykach rekonstrukcji w tej konfiguracji (proxy spójności jakości)
A3-metrics-165-165|Influenza-Like Illness|||T,multi_metric_consistency,RQ6-A3,165|Influenza-Like Illness|||Transformer|||||5,165,An improved self-attention for long-sequence time-series data forecasting with missing values,Influenza-Like Illness,Transformer,5,0-10%,,MAE;MSE;RMSE;RSquare,Decay attention(4),wszystkie_metryki_zgodne,Ten sam algorytm wygrywa na wszystkich metrykach rekonstrukcji w tej konfiguracji (proxy spójności jakości)
A3-metrics-165-165|WTH|||Autoformer|||||5,multi_metric_consistency,RQ6-A3,165|WTH|||Autoformer|||||5,165,An improved self-attention for long-sequence time-series data forecasting with missing values,WTH,Autoformer,5,0-10%,,MAE;MSE;RMSE;RSquare,Decay attention(3);No imputation(1),metryki_wskazuja_rozne_modele,Ten sam algorytm wygrywa na wszystkich metrykach rekonstrukcji w tej konfiguracji (proxy spójności jakości)
A3-metrics-165-165|WTH|||Informer|||||5,multi_metric_consistency,RQ6-A3,165|WTH|||Informer|||||5,165,An improved self-attention for long-sequence time-series data forecasting with missing values,WTH,Informer,5,0-10%,,MAE;MSE;RMSE;RSquare,No imputation(3);Decay attention(1),metryki_wskazuja_rozne_modele,Ten sam algorytm wygrywa na wszystkich metrykach rekonstrukcji w tej konfiguracji (proxy spójności jakości)
A3-metrics-165-165|WTH|||Transformer|||||5,multi_metric_consistency,RQ6-A3,165|WTH|||Transformer|||||5,165,An improved self-attention for long-sequence time-series data forecasting with missing values,WTH,Transformer,5,0-10%,,MAE;MSE;RMSE;RSquare,Decay attention(4),wszystkie_metryki_zgodne,Ten sam algorytm wygrywa na wszystkich metrykach rekonstrukcji w tej konfiguracji (proxy spójności jakości)
A3-metrics-21-21|Exchange-Rate|Finance||Not ,multi_metric_consistency,RQ6-A3,21|Exchange-Rate|Finance||Not specified|||||,21,Robust Time Series Prediction with Missing Data Based on Deep Convolutional Neural Networks,Exchange-Rate,Not specified,,nieznany,brak_wartosci,CORR;RSE,M-LSTNet(2),wszystkie_metryki_zgodne,Ten sam algorytm wygrywa na wszystkich metrykach rekonstrukcji w tej konfiguracji (proxy spójności jakości)
A3-metrics-22-22|Not specified|Not specified,multi_metric_consistency,RQ6-A3,22|Not specified|Not specified||AR|||||0,22,Any-Time Methods for Time-Series Prediction with Missing Observations,Not specified,AR,0,0-10%,,MSE,AERR(1);AELR(1),metryki_wskazuja_rozne_modele,Ten sam algorytm wygrywa na wszystkich metrykach rekonstrukcji w tej konfiguracji (proxy spójności jakości)
A3-metrics-22-22|Not specified|Not specified,multi_metric_consistency,RQ6-A3,22|Not specified|Not specified||AR|||||10,22,Any-Time Methods for Time-Series Prediction with Missing Observations,Not specified,AR,10,10-20%,,MSE,AERR(1);AELR(1),metryki_wskazuja_rozne_modele,Ten sam algorytm wygrywa na wszystkich metrykach rekonstrukcji w tej konfiguracji (proxy spójności jakości)
A3-metrics-22-22|Not specified|Not specified,multi_metric_consistency,RQ6-A3,22|Not specified|Not specified||AR|||||20,22,Any-Time Methods for Time-Series Prediction with Missing Observations,Not specified,AR,20,20-30%,,MSE,AERR(1);AELR(1),metryki_wskazuja_rozne_modele,Ten sam algorytm wygrywa na wszystkich metrykach rekonstrukcji w tej konfiguracji (proxy spójności jakości)
A3-metrics-22-22|Not specified|Not specified,multi_metric_consistency,RQ6-A3,22|Not specified|Not specified||AR|||||30,22,Any-Time Methods for Time-Series Prediction with Missing Observations,Not specified,AR,30,30-40%,,MSE,AERR(1);AELR(1),metryki_wskazuja_rozne_modele,Ten sam algorytm wygrywa na wszystkich metrykach rekonstrukcji w tej konfiguracji (proxy spójności jakości)
A3-metrics-24-24|Not specified|Not specified,multi_metric_consistency,RQ6-A3,24|Not specified|Not specified||(A)NN|||||,24,Time series prediction with missing values: a bidirectional fully connected neural network approach,Not specified,(A)NN,,nieznany,brak_wartosci,RMSE,Bi-FCNN(5),wszystkie_metryki_zgodne,Ten sam algorytm wygrywa na wszystkich metrykach rekonstrukcji w tej konfiguracji (proxy spójności jakości)
A3-metrics-284-284|AEP : Appliances Energy Pr,multi_metric_consistency,RQ6-A3,284|AEP : Appliances Energy Prediction|||RNN|||||10,284,Period-aware content attention RNNs for time series forecasting with missing values,AEP : Appliances Energy Prediction,RNN,10,10-20%,,MSE;SMAPE,pi - M(1);PI^m-mi/M(1),metryki_wskazuja_rozne_modele,Ten sam algorytm wygrywa na wszystkich metrykach rekonstrukcji w tej konfiguracji (proxy spójności jakości)
A3-metrics-284-284|AEP : Appliances Energy Pr,multi_metric_consistency,RQ6-A3,284|AEP : Appliances Energy Prediction|||RNN|||||15,284,Period-aware content attention RNNs for time series forecasting with missing values,AEP : Appliances Energy Prediction,RNN,15,10-20%,,MSE;SMAPE,Standard attention mechanism(2),wszystkie_metryki_zgodne,Ten sam algorytm wygrywa na wszystkich metrykach rekonstrukcji w tej konfiguracji (proxy spójności jakości)
A3-metrics-284-284|AEP : Appliances Energy Pr,multi_metric_consistency,RQ6-A3,284|AEP : Appliances Energy Prediction|||RNN|||||20,284,Period-aware content attention RNNs for time series forecasting with missing values,AEP : Appliances Energy Prediction,RNN,20,20-30%,,MSE;SMAPE,Standard attention mechanism(2),wszystkie_metryki_zgodne,Ten sam algorytm wygrywa na wszystkich metrykach rekonstrukcji w tej konfiguracji (proxy spójności jakości)
A3-metrics-284-284|AEP : Appliances Energy Pr,multi_metric_consistency,RQ6-A3,284|AEP : Appliances Energy Prediction|||RNN|||||30,284,Period-aware content attention RNNs for time series forecasting with missing values,AEP : Appliances Energy Prediction,RNN,30,30-40%,,MSE;SMAPE,Standard attention mechanism(2),wszystkie_metryki_zgodne,Ten sam algorytm wygrywa na wszystkich metrykach rekonstrukcji w tej konfiguracji (proxy spójności jakości)
A3-metrics-284-284|AEP : Appliances Energy Pr,multi_metric_consistency,RQ6-A3,284|AEP : Appliances Energy Prediction|||RNN|||||40,284,Period-aware content attention RNNs for time series forecasting with missing values,AEP : Appliances Energy Prediction,RNN,40,40-50%,,MSE;SMAPE,pi - mi(1);PI^m-mi/M(1),metryki_wskazuja_rozne_modele,Ten sam algorytm wygrywa na wszystkich metrykach rekonstrukcji w tej konfiguracji (proxy spójności jakości)
A3-metrics-284-284|AEP : Appliances Energy Pr,multi_metric_consistency,RQ6-A3,284|AEP : Appliances Energy Prediction|||RNN|||||5,284,Period-aware content attention RNNs for time series forecasting with missing values,AEP : Appliances Energy Prediction,RNN,5,0-10%,,MSE;SMAPE,PI - M(1);PI^m-mi/M(1),metryki_wskazuja_rozne_modele,Ten sam algorytm wygrywa na wszystkich metrykach rekonstrukcji w tej konfiguracji (proxy spójności jakości)
A3-metrics-284-284|AQ : Air Quality|||RNN||||,multi_metric_consistency,RQ6-A3,284|AQ : Air Quality|||RNN|||||30,284,Period-aware content attention RNNs for time series forecasting with missing values,AQ : Air Quality,RNN,30,30-40%,,MSE;SMAPE,PI - mi(1);PI^m-mi/M(1),metryki_wskazuja_rozne_modele,Ten sam algorytm wygrywa na wszystkich metrykach rekonstrukcji w tej konfiguracji (proxy spójności jakości)
A3-metrics-284-284|AQ : Air Quality|||RNN||||,multi_metric_consistency,RQ6-A3,284|AQ : Air Quality|||RNN|||||40,284,Period-aware content attention RNNs for time series forecasting with missing values,AQ : Air Quality,RNN,40,40-50%,,MSE;SMAPE,pi - mi(1);PI^m-mi/M(1);PI^m(1),metryki_wskazuja_rozne_modele,Ten sam algorytm wygrywa na wszystkich metrykach rekonstrukcji w tej konfiguracji (proxy spójności jakości)
A3-metrics-284-284|OLD : Ozone Level Detectio,multi_metric_consistency,RQ6-A3,284|OLD : Ozone Level Detection|||RNN|||||10,284,Period-aware content attention RNNs for time series forecasting with missing values,OLD : Ozone Level Detection,RNN,10,10-20%,,MSE;SMAPE,PI (pisane wielkim symbolem)(1);PI^m-mi/M(1),metryki_wskazuja_rozne_modele,Ten sam algorytm wygrywa na wszystkich metrykach rekonstrukcji w tej konfiguracji (proxy spójności jakości)
A3-metrics-284-284|OLD : Ozone Level Detectio,multi_metric_consistency,RQ6-A3,284|OLD : Ozone Level Detection|||RNN|||||15,284,Period-aware content attention RNNs for time series forecasting with missing values,OLD : Ozone Level Detection,RNN,15,10-20%,,MSE;SMAPE,PI (pisane wielkim symbolem)(1);Standard attention mechanism(1),metryki_wskazuja_rozne_modele,Ten sam algorytm wygrywa na wszystkich metrykach rekonstrukcji w tej konfiguracji (proxy spójności jakości)
A3-metrics-284-284|OLD : Ozone Level Detectio,multi_metric_consistency,RQ6-A3,284|OLD : Ozone Level Detection|||RNN|||||20,284,Period-aware content attention RNNs for time series forecasting with missing values,OLD : Ozone Level Detection,RNN,20,20-30%,,MSE;SMAPE,PI (pisane wielkim symbolem)(1);PI^m(1),metryki_wskazuja_rozne_modele,Ten sam algorytm wygrywa na wszystkich metrykach rekonstrukcji w tej konfiguracji (proxy spójności jakości)
A3-metrics-284-284|OLD : Ozone Level Detectio,multi_metric_consistency,RQ6-A3,284|OLD : Ozone Level Detection|||RNN|||||30,284,Period-aware content attention RNNs for time series forecasting with missing values,OLD : Ozone Level Detection,RNN,30,30-40%,,MSE;SMAPE,PI (pisane wielkim symbolem)(1);PI^m-mi/M(1),metryki_wskazuja_rozne_modele,Ten sam algorytm wygrywa na wszystkich metrykach rekonstrukcji w tej konfiguracji (proxy spójności jakości)
A3-metrics-284-284|OLD : Ozone Level Detectio,multi_metric_consistency,RQ6-A3,284|OLD : Ozone Level Detection|||RNN|||||40,284,Period-aware content attention RNNs for time series forecasting with missing values,OLD : Ozone Level Detection,RNN,40,40-50%,,MSE;SMAPE,PI - M(1);PI^m-mi/M(1),metryki_wskazuja_rozne_modele,Ten sam algorytm wygrywa na wszystkich metrykach rekonstrukcji w tej konfiguracji (proxy spójności jakości)
A3-metrics-284-284|OLD : Ozone Level Detectio,multi_metric_consistency,RQ6-A3,284|OLD : Ozone Level Detection|||RNN|||||5,284,Period-aware content attention RNNs for time series forecasting with missing values,OLD : Ozone Level Detection,RNN,5,0-10%,,MSE;SMAPE,pi (pisane ma?ym symbolem)(1);PI^m-mi/M(1),metryki_wskazuja_rozne_modele,Ten sam algorytm wygrywa na wszystkich metrykach rekonstrukcji w tej konfiguracji (proxy spójności jakości)
A3-metrics-285-285|ENR|||ARIMA|||||,multi_metric_consistency,RQ6-A3,285|ENR|||ARIMA|||||,285,Using forecast modelling to evaluate treatment effects in single-group interrupted time series analysis,ENR,ARIMA,,nieznany,brak_wartosci,BIC;MAD;MAPE,ARIMA(3),wszystkie_metryki_zgodne,Ten sam algorytm wygrywa na wszystkich metrykach rekonstrukcji w tej konfiguracji (proxy spójności jakości)
A3-metrics-285-285|ENR|||Holt-Winters|||||,multi_metric_consistency,RQ6-A3,285|ENR|||Holt-Winters|||||,285,Using forecast modelling to evaluate treatment effects in single-group interrupted time series analysis,ENR,Holt-Winters,,nieznany,brak_wartosci,BIC;MAD;MAPE,Holt-Winters(3),wszystkie_metryki_zgodne,Ten sam algorytm wygrywa na wszystkich metrykach rekonstrukcji w tej konfiguracji (proxy spójności jakości)
A3-metrics-286-286|California'a Proposition 9,multi_metric_consistency,RQ6-A3,286|California'a Proposition 99|||ARIMA (Interrupted ARIMA)|||||,286,Forecasting Construction Cost Index Using Interrupted Time-Series,California'a Proposition 99,ARIMA (Interrupted ARIMA),,nieznany,brak_wartosci,MAE;MAPE;RMSE,Intervension Analysis(3),wszystkie_metryki_zgodne,Ten sam algorytm wygrywa na wszystkich metrykach rekonstrukcji w tej konfiguracji (proxy spójności jakości)
A3-metrics-297-297|ASE|||ARIMA|||||not given,multi_metric_consistency,RQ6-A3,297|ASE|||ARIMA|||||not given,297,Forecasting etimated missing time series data,ASE,ARIMA,not given,nieznany,nienumeryczna_wartosc,MSE;RMSE,ARIMA with Filtering(2),wszystkie_metryki_zgodne,Ten sam algorytm wygrywa na wszystkich metrykach rekonstrukcji w tej konfiguracji (proxy spójności jakości)
A3-metrics-302-302|||||||||,multi_metric_consistency,RQ6-A3,302|||||||||,302,Improvement of forecasting robustness of time series model for thermal error on CNC machine tool,,,,nieznany,brak_wartosci,MSD;Maximum Absolute Error;RMSE,ALIX(3),wszystkie_metryki_zgodne,Ten sam algorytm wygrywa na wszystkich metrykach rekonstrukcji w tej konfiguracji (proxy spójności jakości)
A3-metrics-372-372|||||||||,multi_metric_consistency,RQ6-A3,372|||||||||,372,Missing data and forecasting in multivariate time series: An application of the common components dynamic linear model,,,,nieznany,brak_wartosci,Log-likelihood;Log-likelihood ratio;MAD;MSE;RMSE,DLMCC(5),wszystkie_metryki_zgodne,Ten sam algorytm wygrywa na wszystkich metrykach rekonstrukcji w tej konfiguracji (proxy spójności jakości)
