rule_id,research_question,condition,metric,recommended_algorithm,support,total_observations,confidence,unique_articles,article_ids,rule_text
A4-20-30pct-MAE,RQ6-A4,missing_rate_band = 20-30% AND metric = MAE,MAE,TRF,16,23,0.6957,1,126,JEŚLI missing_rate ∈ [20-30%] i metryka = MAE TO rozważ: TRF (support=16/23)
A4-20-30pct-RMSE,RQ6-A4,missing_rate_band = 20-30% AND metric = RMSE,RMSE,TRF,15,20,0.75,1,126,JEŚLI missing_rate ∈ [20-30%] i metryka = RMSE TO rozważ: TRF (support=15/20)
A4-0-10pct-MAE,RQ6-A4,missing_rate_band = 0-10% AND metric = MAE,MAE,TRF,12,27,0.4444,1,126,JEŚLI missing_rate ∈ [0-10%] i metryka = MAE TO rozważ: TRF (support=12/27)
A4-0-10pct-RMSE,RQ6-A4,missing_rate_band = 0-10% AND metric = RMSE,RMSE,TRF,12,27,0.4444,1,126,JEŚLI missing_rate ∈ [0-10%] i metryka = RMSE TO rozważ: TRF (support=12/27)
A4-10-20pct-MAE,RQ6-A4,missing_rate_band = 10-20% AND metric = MAE,MAE,TRF,12,12,1.0,1,126,JEŚLI missing_rate ∈ [10-20%] i metryka = MAE TO rozważ: TRF (support=12/12)
A4-10-20pct-RMSE,RQ6-A4,missing_rate_band = 10-20% AND metric = RMSE,RMSE,TRF,12,16,0.75,1,126,JEŚLI missing_rate ∈ [10-20%] i metryka = RMSE TO rozważ: TRF (support=12/16)
A4-0-10pct-MSE,RQ6-A4,missing_rate_band = 0-10% AND metric = MSE,MSE,Decay attention,9,19,0.4737,1,165,JEŚLI missing_rate ∈ [0-10%] i metryka = MSE TO rozważ: Decay attention (support=9/19)
A4-20-30pct-NRMSE,RQ6-A4,missing_rate_band = 20-30% AND metric = NRMSE,NRMSE,LTI,9,14,0.6429,1,7,JEŚLI missing_rate ∈ [20-30%] i metryka = NRMSE TO rozważ: LTI (support=9/14)
A4-0-10pct-RSquare,RQ6-A4,missing_rate_band = 0-10% AND metric = RSquare,RSquare,Decay attention,8,15,0.5333,1,165,JEŚLI missing_rate ∈ [0-10%] i metryka = RSquare TO rozważ: Decay attention (support=8/15)
A4-10-20pct-NRMSE,RQ6-A4,missing_rate_band = 10-20% AND metric = NRMSE,NRMSE,LTI,8,22,0.3636,1,7,JEŚLI missing_rate ∈ [10-20%] i metryka = NRMSE TO rozważ: LTI (support=8/22)
A4-0-10pct-NRMSE,RQ6-A4,missing_rate_band = 0-10% AND metric = NRMSE,NRMSE,RMD-FSE,6,12,0.5,1,18,JEŚLI missing_rate ∈ [0-10%] i metryka = NRMSE TO rozważ: RMD-FSE (support=6/12)
A4-10-20pct-SMAPE,RQ6-A4,missing_rate_band = 10-20% AND metric = SMAPE,SMAPE,Ensemble (Forward + Backward),6,16,0.375,1,283,JEŚLI missing_rate ∈ [10-20%] i metryka = SMAPE TO rozważ: Ensemble (Forward + Backward) (support=6/16)
A4-20-30pct-SMAPE,RQ6-A4,missing_rate_band = 20-30% AND metric = SMAPE,SMAPE,Ensemble (Forward + Backward),6,11,0.5455,1,283,JEŚLI missing_rate ∈ [20-30%] i metryka = SMAPE TO rozważ: Ensemble (Forward + Backward) (support=6/11)
A4-30-40pct-SMAPE,RQ6-A4,missing_rate_band = 30-40% AND metric = SMAPE,SMAPE,Ensemble (Forward + Backward),6,12,0.5,1,283,JEŚLI missing_rate ∈ [30-40%] i metryka = SMAPE TO rozważ: Ensemble (Forward + Backward) (support=6/12)
A4-40-50pct-SMAPE,RQ6-A4,missing_rate_band = 40-50% AND metric = SMAPE,SMAPE,Ensemble (Forward + Backward),6,12,0.5,1,283,JEŚLI missing_rate ∈ [40-50%] i metryka = SMAPE TO rozważ: Ensemble (Forward + Backward) (support=6/12)
A4-90-100pct-RMSE,RQ6-A4,missing_rate_band = 90-100% AND metric = RMSE,RMSE,SBL,6,6,1.0,1,76,JEŚLI missing_rate ∈ [90-100%] i metryka = RMSE TO rozważ: SBL (support=6/6)
A4-nieznany-MAPE,RQ6-A4,missing_rate_band = nieznany AND metric = MAPE,MAPE,Bi-LSTM,6,18,0.3333,1,107,JEŚLI missing_rate ∈ [nieznany] i metryka = MAPE TO rozważ: Bi-LSTM (support=6/18)
A4-nieznany-RMSE,RQ6-A4,missing_rate_band = nieznany AND metric = RMSE,RMSE,Bi-LSTM,6,32,0.1875,1,107,JEŚLI missing_rate ∈ [nieznany] i metryka = RMSE TO rozważ: Bi-LSTM (support=6/32)
A4-nieznany-MAE,RQ6-A4,missing_rate_band = nieznany AND metric = MAE,MAE,EEMD-RVFL,5,12,0.4167,1,129,JEŚLI missing_rate ∈ [nieznany] i metryka = MAE TO rozważ: EEMD-RVFL (support=5/12)
A4-50-60pct-MAPE,RQ6-A4,missing_rate_band = 50-60% AND metric = MAPE,MAPE,LNS_PM,4,4,1.0,1,121,JEŚLI missing_rate ∈ [50-60%] i metryka = MAPE TO rozważ: LNS_PM (support=4/4)
A4-50-60pct-RMSE,RQ6-A4,missing_rate_band = 50-60% AND metric = RMSE,RMSE,LNS_PM,4,7,0.5714,1,121,JEŚLI missing_rate ∈ [50-60%] i metryka = RMSE TO rozważ: LNS_PM (support=4/7)
A4-nieznany-Dstat,RQ6-A4,missing_rate_band = nieznany AND metric = Dstat,Dstat,EEMD-RVFL,4,6,0.6667,1,129,JEŚLI missing_rate ∈ [nieznany] i metryka = Dstat TO rozważ: EEMD-RVFL (support=4/6)
A4-nieznany-IA,RQ6-A4,missing_rate_band = nieznany AND metric = IA,IA,SVmD,4,4,1.0,1,150,JEŚLI missing_rate ∈ [nieznany] i metryka = IA TO rozważ: SVmD (support=4/4)
A4-nieznany-LMI,RQ6-A4,missing_rate_band = nieznany AND metric = LMI,LMI,SVmD,4,4,1.0,1,150,JEŚLI missing_rate ∈ [nieznany] i metryka = LMI TO rozważ: SVmD (support=4/4)
A4-nieznany-MSE,RQ6-A4,missing_rate_band = nieznany AND metric = MSE,MSE,SVmD,4,18,0.2222,1,150,JEŚLI missing_rate ∈ [nieznany] i metryka = MSE TO rozważ: SVmD (support=4/18)
A4-nieznany-PCC (COR),RQ6-A4,missing_rate_band = nieznany AND metric = PCC (COR),PCC (COR),SVmD,4,4,1.0,1,150,JEŚLI missing_rate ∈ [nieznany] i metryka = PCC (COR) TO rozważ: SVmD (support=4/4)
A4-nieznany-R2,RQ6-A4,missing_rate_band = nieznany AND metric = R2,R2,SVmD,4,4,1.0,1,150,JEŚLI missing_rate ∈ [nieznany] i metryka = R2 TO rozważ: SVmD (support=4/4)
A4-nieznany-STD,RQ6-A4,missing_rate_band = nieznany AND metric = STD,STD,SVmD,4,4,1.0,1,150,JEŚLI missing_rate ∈ [nieznany] i metryka = STD TO rozważ: SVmD (support=4/4)
A4-nieznany-TIC,RQ6-A4,missing_rate_band = nieznany AND metric = TIC,TIC,SVmD,4,4,1.0,1,150,JEŚLI missing_rate ∈ [nieznany] i metryka = TIC TO rozważ: SVmD (support=4/4)
A4-10-20pct-MAPE,RQ6-A4,missing_rate_band = 10-20% AND metric = MAPE,MAPE,LNS_PM,3,4,0.75,1,121,JEŚLI missing_rate ∈ [10-20%] i metryka = MAPE TO rozważ: LNS_PM (support=3/4)
A4-20-30pct-MAPE,RQ6-A4,missing_rate_band = 20-30% AND metric = MAPE,MAPE,LNS_PM,3,4,0.75,1,121,JEŚLI missing_rate ∈ [20-30%] i metryka = MAPE TO rozważ: LNS_PM (support=3/4)
A4-30-40pct-MAPE,RQ6-A4,missing_rate_band = 30-40% AND metric = MAPE,MAPE,LNS_PM,3,4,0.75,1,121,JEŚLI missing_rate ∈ [30-40%] i metryka = MAPE TO rozważ: LNS_PM (support=3/4)
A4-30-40pct-RMSE,RQ6-A4,missing_rate_band = 30-40% AND metric = RMSE,RMSE,LNS_PM,3,4,0.75,1,121,JEŚLI missing_rate ∈ [30-40%] i metryka = RMSE TO rozważ: LNS_PM (support=3/4)
A4-40-50pct-MAPE,RQ6-A4,missing_rate_band = 40-50% AND metric = MAPE,MAPE,LNS_PM,3,4,0.75,1,121,JEŚLI missing_rate ∈ [40-50%] i metryka = MAPE TO rozważ: LNS_PM (support=3/4)
A4-40-50pct-MSE,RQ6-A4,missing_rate_band = 40-50% AND metric = MSE,MSE,PI^m-mi/M,3,6,0.5,1,284,JEŚLI missing_rate ∈ [40-50%] i metryka = MSE TO rozważ: PI^m-mi/M (support=3/6)
A4-40-50pct-RMSE,RQ6-A4,missing_rate_band = 40-50% AND metric = RMSE,RMSE,LNS_PM,3,4,0.75,1,121,JEŚLI missing_rate ∈ [40-50%] i metryka = RMSE TO rozważ: LNS_PM (support=3/4)
A4-50-60pct-MAE,RQ6-A4,missing_rate_band = 50-60% AND metric = MAE,MAE,IA,3,6,0.5,1,2,JEŚLI missing_rate ∈ [50-60%] i metryka = MAE TO rozważ: IA (support=3/6)
A4-50-60pct-NRMSE,RQ6-A4,missing_rate_band = 50-60% AND metric = NRMSE,NRMSE,LTI,3,6,0.5,1,7,JEŚLI missing_rate ∈ [50-60%] i metryka = NRMSE TO rozważ: LTI (support=3/6)
A4-70-80pct-MAE,RQ6-A4,missing_rate_band = 70-80% AND metric = MAE,MAE,IA,3,6,0.5,1,2,JEŚLI missing_rate ∈ [70-80%] i metryka = MAE TO rozważ: IA (support=3/6)
A4-80-90pct-RMSE,RQ6-A4,missing_rate_band = 80-90% AND metric = RMSE,RMSE,SBL,3,3,1.0,1,76,JEŚLI missing_rate ∈ [80-90%] i metryka = RMSE TO rozważ: SBL (support=3/3)
A4-90-100pct-MAE,RQ6-A4,missing_rate_band = 90-100% AND metric = MAE,MAE,IA,3,6,0.5,1,2,JEŚLI missing_rate ∈ [90-100%] i metryka = MAE TO rozważ: IA (support=3/6)
A4-nieznany-MASE,RQ6-A4,missing_rate_band = nieznany AND metric = MASE,MASE,EEMD-RVFL,3,6,0.5,1,129,JEŚLI missing_rate ∈ [nieznany] i metryka = MASE TO rozważ: EEMD-RVFL (support=3/6)
A4-0-10pct-SMAPE,RQ6-A4,missing_rate_band = 0-10% AND metric = SMAPE,SMAPE,PI - mi,2,5,0.4,1,284,JEŚLI missing_rate ∈ [0-10%] i metryka = SMAPE TO rozważ: PI - mi (support=2/5)
A4-10-20pct-MSE,RQ6-A4,missing_rate_band = 10-20% AND metric = MSE,MSE,PI^m-mi/M,2,8,0.25,1,284,JEŚLI missing_rate ∈ [10-20%] i metryka = MSE TO rozważ: PI^m-mi/M (support=2/8)
A4-30-40pct-MSE,RQ6-A4,missing_rate_band = 30-40% AND metric = MSE,MSE,KNN Impute,2,7,0.2857,1,158,JEŚLI missing_rate ∈ [30-40%] i metryka = MSE TO rozważ: KNN Impute (support=2/7)
