article_id,title,dataset,task_model,missing_rate,missing_rate_pct,missing_rate_band,missing_rate_unknown_reason,recon_winners,task_winners,has_recon_winner,has_task_winner,has_both_winners,manual_verified,manual_paired_recon_task,manual_notes
2,GinAR: An End-To-End Multivariate Time Series Forecasting Model Suitable for Variable Missing,METR-LA,STID,25,25.0,20-30%,,MAE=IA,,True,False,False,,,
2,GinAR: An End-To-End Multivariate Time Series Forecasting Model Suitable for Variable Missing,METR-LA,STID,50,50.0,50-60%,,MAE=IA,,True,False,False,,,
2,GinAR: An End-To-End Multivariate Time Series Forecasting Model Suitable for Variable Missing,METR-LA,STID,75,75.0,70-80%,,MAE=IA,,True,False,False,,,
2,GinAR: An End-To-End Multivariate Time Series Forecasting Model Suitable for Variable Missing,METR-LA,STID,90,90.0,90-100%,,MAE=IA,,True,False,False,,,
2,GinAR: An End-To-End Multivariate Time Series Forecasting Model Suitable for Variable Missing,PEMS08,STID,25,25.0,20-30%,,MAE=IA,,True,False,False,,,
2,GinAR: An End-To-End Multivariate Time Series Forecasting Model Suitable for Variable Missing,PEMS08,STID,50,50.0,50-60%,,MAE=IA,,True,False,False,,,
2,GinAR: An End-To-End Multivariate Time Series Forecasting Model Suitable for Variable Missing,PEMS08,STID,75,75.0,70-80%,,MAE=IA,,True,False,False,,,
2,GinAR: An End-To-End Multivariate Time Series Forecasting Model Suitable for Variable Missing,PEMS08,STID,90,90.0,90-100%,,MAE=IA,,True,False,False,,,
2,GinAR: An End-To-End Multivariate Time Series Forecasting Model Suitable for Variable Missing,China AQI,STID,25,25.0,20-30%,,MAE=IA,,True,False,False,,,
2,GinAR: An End-To-End Multivariate Time Series Forecasting Model Suitable for Variable Missing,China AQI,STID,50,50.0,50-60%,,MAE=IA,,True,False,False,,,
2,GinAR: An End-To-End Multivariate Time Series Forecasting Model Suitable for Variable Missing,China AQI,STID,75,75.0,70-80%,,MAE=IA,,True,False,False,,,
2,GinAR: An End-To-End Multivariate Time Series Forecasting Model Suitable for Variable Missing,China AQI,STID,90,90.0,90-100%,,MAE=IA,,True,False,False,,,
7,Time series forecasting with missing values,Sine,LSSVM,5,5.0,0-10%,,NRMSE=LTI,,True,False,False,,,
7,Time series forecasting with missing values,Sine,LSSVM,10,10.0,10-20%,,NRMSE=LTI,,True,False,False,,,
7,Time series forecasting with missing values,Sine,LSSVM,15,15.0,10-20%,,NRMSE=LTI,,True,False,False,,,
7,Time series forecasting with missing values,Sine,LSSVM,20,20.0,20-30%,,NRMSE=LTI,,True,False,False,,,
7,Time series forecasting with missing values,Sine,LSSVM,25,25.0,20-30%,,NRMSE=LTI,,True,False,False,,,
7,Time series forecasting with missing values,Sine,LSSVM,50,50.0,50-60%,,NRMSE=LTI,,True,False,False,,,
7,Time series forecasting with missing values,Sinc,LSSVM,5,5.0,0-10%,,NRMSE=LTI,,True,False,False,,,
7,Time series forecasting with missing values,Sinc,LSSVM,10,10.0,10-20%,,NRMSE=LTI,,True,False,False,,,
7,Time series forecasting with missing values,Sinc,LSSVM,15,15.0,10-20%,,NRMSE=LTI,,True,False,False,,,
7,Time series forecasting with missing values,Sinc,LSSVM,20,20.0,20-30%,,NRMSE=LTI,,True,False,False,,,
7,Time series forecasting with missing values,Sinc,LSSVM,25,25.0,20-30%,,NRMSE=LTI,,True,False,False,,,
7,Time series forecasting with missing values,Sinc,LSSVM,50,50.0,50-60%,,NRMSE=LTI,,True,False,False,,,
7,Time series forecasting with missing values,Mackey-Glass,LSSVM,5,5.0,0-10%,,NRMSE=LTI,,True,False,False,,,
7,Time series forecasting with missing values,Mackey-Glass,LSSVM,10,10.0,10-20%,,NRMSE=LTI,,True,False,False,,,
7,Time series forecasting with missing values,Mackey-Glass,LSSVM,15,15.0,10-20%,,NRMSE=Hot-Deck,,True,False,False,,,
7,Time series forecasting with missing values,Mackey-Glass,LSSVM,20,20.0,20-30%,,NRMSE=LTI,,True,False,False,,,
7,Time series forecasting with missing values,Mackey-Glass,LSSVM,25,25.0,20-30%,,NRMSE=Hot-Deck,,True,False,False,,,
7,Time series forecasting with missing values,Mackey-Glass,LSSVM,50,50.0,50-60%,,NRMSE=LTI,,True,False,False,,,
7,Time series forecasting with missing values,Poland's electricity load,LSSVM,5,5.0,0-10%,,NRMSE=AR,,True,False,False,,,
7,Time series forecasting with missing values,Poland's electricity load,LSSVM,10,10.0,10-20%,,NRMSE=Hot-Deck,,True,False,False,,,
7,Time series forecasting with missing values,Poland's electricity load,LSSVM,15,15.0,10-20%,,NRMSE=Hot-Deck,,True,False,False,,,
7,Time series forecasting with missing values,Poland's electricity load,LSSVM,20,20.0,20-30%,,NRMSE=Hot-Deck,,True,False,False,,,
7,Time series forecasting with missing values,Poland's electricity load,LSSVM,25,25.0,20-30%,,NRMSE=Hot-Deck,,True,False,False,,,
7,Time series forecasting with missing values,Poland's electricity load,LSSVM,50,50.0,50-60%,,NRMSE=Hot-Deck,,True,False,False,,,
7,Time series forecasting with missing values,Sunspot,LSSVM,5,5.0,0-10%,,NRMSE=LTI,,True,False,False,,,
7,Time series forecasting with missing values,Sunspot,LSSVM,10,10.0,10-20%,,NRMSE=LTI,,True,False,False,,,
7,Time series forecasting with missing values,Sunspot,LSSVM,15,15.0,10-20%,,NRMSE=Hot-Deck,,True,False,False,,,
7,Time series forecasting with missing values,Sunspot,LSSVM,20,20.0,20-30%,,NRMSE=LTI,,True,False,False,,,
7,Time series forecasting with missing values,Sunspot,LSSVM,25,25.0,20-30%,,NRMSE=LTI,,True,False,False,,,
7,Time series forecasting with missing values,Sunspot,LSSVM,50,50.0,50-60%,,NRMSE=Hot-Deck,,True,False,False,,,
7,Time series forecasting with missing values,Jenkins-Box Gas Furnace,LSSVM,5,5.0,0-10%,,NRMSE=LTI,,True,False,False,,,
7,Time series forecasting with missing values,Jenkins-Box Gas Furnace,LSSVM,10,10.0,10-20%,,NRMSE=LTI,,True,False,False,,,
7,Time series forecasting with missing values,Jenkins-Box Gas Furnace,LSSVM,15,15.0,10-20%,,NRMSE=LTI,,True,False,False,,,
7,Time series forecasting with missing values,Jenkins-Box Gas Furnace,LSSVM,20,20.0,20-30%,,NRMSE=LTI,,True,False,False,,,
7,Time series forecasting with missing values,Jenkins-Box Gas Furnace,LSSVM,25,25.0,20-30%,,NRMSE=LTI,,True,False,False,,,
7,Time series forecasting with missing values,Jenkins-Box Gas Furnace,LSSVM,50,50.0,50-60%,,NRMSE=Hot-Deck,,True,False,False,,,
9,Time series forecasting with missing data using neural network and meta-transfer learning,Mexico,,,,nieznany,brak_wartosci,,,False,False,False,,,
16,Imputation for the analysis of missing values and prediction of time series data,Not specified,AR,10,10.0,10-20%,,NRMSE=ARL Simpute,,True,False,False,,,
16,Imputation for the analysis of missing values and prediction of time series data,Not specified,AR,15,15.0,10-20%,,NRMSE=ARL Simpute,,True,False,False,,,
16,Imputation for the analysis of missing values and prediction of time series data,Not specified,AR,20,20.0,20-30%,,NRMSE=ARL Simpute,,True,False,False,,,
16,Imputation for the analysis of missing values and prediction of time series data,Not specified,AR,10,10.0,10-20%,,NRMSE=ARL Simpute,,True,False,False,,,
16,Imputation for the analysis of missing values and prediction of time series data,Not specified,AR,15,15.0,10-20%,,NRMSE=ARL Simpute,,True,False,False,,,
16,Imputation for the analysis of missing values and prediction of time series data,Not specified,AR,20,20.0,20-30%,,NRMSE=ARL Simpute,,True,False,False,,,
18,Time-series data prediction based on reconstruction of missing samples and selective ensembling of FIR neural networks,Sunspot,FIR,"2,5",2.5,0-10%,,NRMSE=RMD-FSE,,True,False,False,,,
18,Time-series data prediction based on reconstruction of missing samples and selective ensembling of FIR neural networks,Sunspot,FIR,5,5.0,0-10%,,NRMSE=RMD-FSE,,True,False,False,,,
18,Time-series data prediction based on reconstruction of missing samples and selective ensembling of FIR neural networks,Sunspot,FIR,"7,5",7.5,0-10%,,NRMSE=RMD-FSE,,True,False,False,,,
18,Time-series data prediction based on reconstruction of missing samples and selective ensembling of FIR neural networks,Sunspot,FIR,10,10.0,10-20%,,NRMSE=RMD-FSE,,True,False,False,,,
18,Time-series data prediction based on reconstruction of missing samples and selective ensembling of FIR neural networks,Sunspot,FIR,"12,5",12.5,10-20%,,NRMSE=RMD-FSE,,True,False,False,,,
18,Time-series data prediction based on reconstruction of missing samples and selective ensembling of FIR neural networks,Sunspot,FIR,15,15.0,10-20%,,NRMSE=RMD-FSE,,True,False,False,,,
18,Time-series data prediction based on reconstruction of missing samples and selective ensembling of FIR neural networks,BanLuang,FIR,"2,5",2.5,0-10%,,NRMSE=RMD-FSE,,True,False,False,,,
18,Time-series data prediction based on reconstruction of missing samples and selective ensembling of FIR neural networks,BanLuang,FIR,5,5.0,0-10%,,NRMSE=RMD-FSE,,True,False,False,,,
18,Time-series data prediction based on reconstruction of missing samples and selective ensembling of FIR neural networks,BanLuang,FIR,"7,5",7.5,0-10%,,NRMSE=RMD-FSE,,True,False,False,,,
18,Time-series data prediction based on reconstruction of missing samples and selective ensembling of FIR neural networks,BanLuang,FIR,10,10.0,10-20%,,NRMSE=RMD-FSE,,True,False,False,,,
18,Time-series data prediction based on reconstruction of missing samples and selective ensembling of FIR neural networks,BanLuang,FIR,"12,5",12.5,10-20%,,NRMSE=RMD-FSE,,True,False,False,,,
18,Time-series data prediction based on reconstruction of missing samples and selective ensembling of FIR neural networks,BanLuang,FIR,15,15.0,10-20%,,NRMSE=RMD-FSE,,True,False,False,,,
19,Multilevel prediction of missing time series dam displacements data based on artificial neural networks voting evaluation,BosniaDam,Not specified,,,nieznany,brak_wartosci,MAE=(A)NN,,True,False,False,,,
20,Time Series Prediction as a Problem of Missing Values: Application to ESTSP2007 and NN3 Competition Benchmarks,NN3,Not specified,,,nieznany,brak_wartosci,,,False,False,False,,,
20,Time Series Prediction as a Problem of Missing Values: Application to ESTSP2007 and NN3 Competition Benchmarks,ESTSP2007,Not specified,,,nieznany,brak_wartosci,,,False,False,False,,,
21,Robust Time Series Prediction with Missing Data Based on Deep Convolutional Neural Networks,Exchange-Rate,Not specified,,,nieznany,brak_wartosci,CORR=M-LSTNet; RSE=M-LSTNet,,True,False,False,,,
22,Any-Time Methods for Time-Series Prediction with Missing Observations,Not specified,AR,0,0.0,0-10%,,MSE=AERR,,True,False,False,,,
22,Any-Time Methods for Time-Series Prediction with Missing Observations,Not specified,AR,10,10.0,10-20%,,MSE=AERR,,True,False,False,,,
22,Any-Time Methods for Time-Series Prediction with Missing Observations,Not specified,AR,20,20.0,20-30%,,MSE=AERR,,True,False,False,,,
22,Any-Time Methods for Time-Series Prediction with Missing Observations,Not specified,AR,30,30.0,30-40%,,MSE=AERR,,True,False,False,,,
22,Any-Time Methods for Time-Series Prediction with Missing Observations,Not specified,AR,0,0.0,0-10%,,MSE=AELR,,True,False,False,,,
22,Any-Time Methods for Time-Series Prediction with Missing Observations,Not specified,AR,10,10.0,10-20%,,MSE=AELR,,True,False,False,,,
22,Any-Time Methods for Time-Series Prediction with Missing Observations,Not specified,AR,20,20.0,20-30%,,MSE=AELR,,True,False,False,,,
22,Any-Time Methods for Time-Series Prediction with Missing Observations,Not specified,AR,30,30.0,30-40%,,MSE=AELR,,True,False,False,,,
23,Nonlinear Time-Series Prediction with Missing and Noisy Data,Sunspot,(A)NN,,,nieznany,brak_wartosci,MSE=Stochastic Simulation,,True,False,False,,,
24,Time series prediction with missing values: a bidirectional fully connected neural network approach,Not specified,(A)NN,,,nieznany,brak_wartosci,RMSE=Bi-FCNN,,True,False,False,,,
24,Time series prediction with missing values: a bidirectional fully connected neural network approach,Not specified,(A)NN,,,nieznany,brak_wartosci,RMSE=Bi-FCNN,,True,False,False,,,
24,Time series prediction with missing values: a bidirectional fully connected neural network approach,Not specified,(A)NN,,,nieznany,brak_wartosci,RMSE=Bi-FCNN,,True,False,False,,,
24,Time series prediction with missing values: a bidirectional fully connected neural network approach,Not specified,(A)NN,,,nieznany,brak_wartosci,RMSE=Bi-FCNN,,True,False,False,,,
24,Time series prediction with missing values: a bidirectional fully connected neural network approach,Not specified,(A)NN,,,nieznany,brak_wartosci,RMSE=Bi-FCNN,,True,False,False,,,
61,End-to-end Multi-task Learning of Missing Value Imputation and Forecasting in Time-Series Data,Self-generated,(A)NN,,,nieznany,brak_wartosci,,AUC=GAN,False,True,False,,,
62,Double quantization forecasting method for filling missing data in the CATS time series,CATS,AR,,,nieznany,brak_wartosci,MSE=DVQ,,True,False,False,,,
63,Missing Data Dynamic Forecasting of Fuzzy Time Series Based on Gaussian Mixture Model,ChinaEndMonth,Not specified,,,nieznany,brak_wartosci,RMSE=GFTS,,True,False,False,,,
63,Missing Data Dynamic Forecasting of Fuzzy Time Series Based on Gaussian Mixture Model,ChinaIndustrial,Not specified,,,nieznany,brak_wartosci,RMSE=GFTS,,True,False,False,,,
64,GinAR+: A Robust End-to-End Framework for Multivariate Time Series Forecasting With Missing Values,METR-LA,STID,25,25.0,20-30%,,MAE=IA+CL,,True,False,False,,,
64,GinAR+: A Robust End-to-End Framework for Multivariate Time Series Forecasting With Missing Values,METR-LA,STID,50,50.0,50-60%,,MAE=IA+CL,,True,False,False,,,
64,GinAR+: A Robust End-to-End Framework for Multivariate Time Series Forecasting With Missing Values,METR-LA,STID,75,75.0,70-80%,,MAE=IA+CL,,True,False,False,,,
64,GinAR+: A Robust End-to-End Framework for Multivariate Time Series Forecasting With Missing Values,METR-LA,STID,90,90.0,90-100%,,MAE=IA+CL,,True,False,False,,,
64,GinAR+: A Robust End-to-End Framework for Multivariate Time Series Forecasting With Missing Values,PEMS08,STID,25,25.0,20-30%,,MAE=IA+CL,,True,False,False,,,
64,GinAR+: A Robust End-to-End Framework for Multivariate Time Series Forecasting With Missing Values,PEMS08,STID,50,50.0,50-60%,,MAE=IA+CL,,True,False,False,,,
64,GinAR+: A Robust End-to-End Framework for Multivariate Time Series Forecasting With Missing Values,PEMS08,STID,75,75.0,70-80%,,MAE=IA+CL,,True,False,False,,,
64,GinAR+: A Robust End-to-End Framework for Multivariate Time Series Forecasting With Missing Values,PEMS08,STID,90,90.0,90-100%,,MAE=IA+CL,,True,False,False,,,
64,GinAR+: A Robust End-to-End Framework for Multivariate Time Series Forecasting With Missing Values,China AQI,STID,25,25.0,20-30%,,MAE=IA+CL,,True,False,False,,,
64,GinAR+: A Robust End-to-End Framework for Multivariate Time Series Forecasting With Missing Values,China AQI,STID,50,50.0,50-60%,,MAE=IA+CL,,True,False,False,,,
64,GinAR+: A Robust End-to-End Framework for Multivariate Time Series Forecasting With Missing Values,China AQI,STID,75,75.0,70-80%,,MAE=IA+CL,,True,False,False,,,
64,GinAR+: A Robust End-to-End Framework for Multivariate Time Series Forecasting With Missing Values,China AQI,STID,90,90.0,90-100%,,MAE=IA+CL,,True,False,False,,,
76,An Efficient Missing Data Prediction Method Based on Kronecker Compressive Sensing in Multivariable Time Series,Motes,Not specified,50,50.0,50-60%,,RMSE=SBL,,True,False,False,,,
76,An Efficient Missing Data Prediction Method Based on Kronecker Compressive Sensing in Multivariable Time Series,Motes,Not specified,80,80.0,80-90%,,RMSE=SBL,,True,False,False,,,
76,An Efficient Missing Data Prediction Method Based on Kronecker Compressive Sensing in Multivariable Time Series,Motes,Not specified,90,90.0,90-100%,,RMSE=SBL,,True,False,False,,,
76,An Efficient Missing Data Prediction Method Based on Kronecker Compressive Sensing in Multivariable Time Series,Motes,Not specified,95,95.0,90-100%,,RMSE=SBL,,True,False,False,,,
76,An Efficient Missing Data Prediction Method Based on Kronecker Compressive Sensing in Multivariable Time Series,GSA,Not specified,50,50.0,50-60%,,RMSE=SBL,,True,False,False,,,
76,An Efficient Missing Data Prediction Method Based on Kronecker Compressive Sensing in Multivariable Time Series,GSA,Not specified,80,80.0,80-90%,,RMSE=SBL,,True,False,False,,,
76,An Efficient Missing Data Prediction Method Based on Kronecker Compressive Sensing in Multivariable Time Series,GSA,Not specified,90,90.0,90-100%,,RMSE=SBL,,True,False,False,,,
76,An Efficient Missing Data Prediction Method Based on Kronecker Compressive Sensing in Multivariable Time Series,GSA,Not specified,95,95.0,90-100%,,RMSE=SBL,,True,False,False,,,
76,An Efficient Missing Data Prediction Method Based on Kronecker Compressive Sensing in Multivariable Time Series,Sea-Surface Temperature,Not specified,50,50.0,50-60%,,RMSE=SBL,,True,False,False,,,
76,An Efficient Missing Data Prediction Method Based on Kronecker Compressive Sensing in Multivariable Time Series,Sea-Surface Temperature,Not specified,80,80.0,80-90%,,RMSE=SBL,,True,False,False,,,
76,An Efficient Missing Data Prediction Method Based on Kronecker Compressive Sensing in Multivariable Time Series,Sea-Surface Temperature,Not specified,90,90.0,90-100%,,RMSE=SBL,,True,False,False,,,
76,An Efficient Missing Data Prediction Method Based on Kronecker Compressive Sensing in Multivariable Time Series,Sea-Surface Temperature,Not specified,95,95.0,90-100%,,RMSE=SBL,,True,False,False,,,
77,LIFE: Learning Individual Features for Multivariate Time Series Prediction with Missing Values,,LIFE,,,nieznany,brak_wartosci,,AUC=CME-PDTW,False,True,False,,,
78,MTSSP: Missing Value Imputation in Multivariate Time Series for Survival Prediction,MIMIC-III,Not specified,,,nieznany,brak_wartosci,RMSE=MTSSP,,True,False,False,,,
78,MTSSP: Missing Value Imputation in Multivariate Time Series for Survival Prediction,MIMIC-IV,Not specified,,,nieznany,brak_wartosci,RMSE=MTSSP,,True,False,False,,,
107,The Development of an LSTM Model to Predict Time Series Missing Data of Air Temperature inside Fattening Pig Houses,Imcheon-myeon,Not specified,,,nieznany,brak_wartosci,MAPE=Bi-LSTM; RMSE=Bi-LSTM,,True,False,False,,,
107,The Development of an LSTM Model to Predict Time Series Missing Data of Air Temperature inside Fattening Pig Houses,Imcheon-myeon,Not specified,,,nieznany,brak_wartosci,MAPE=LSTM; RMSE=LSTM,,True,False,False,,,
107,The Development of an LSTM Model to Predict Time Series Missing Data of Air Temperature inside Fattening Pig Houses,Imcheon-myeon,Not specified,,,nieznany,brak_wartosci,MAPE=Bi-LSTM; RMSE=Bi-LSTM,,True,False,False,,,
107,The Development of an LSTM Model to Predict Time Series Missing Data of Air Temperature inside Fattening Pig Houses,Imcheon-myeon,Not specified,,,nieznany,brak_wartosci,MAPE=Bi-LSTM; RMSE=Bi-LSTM,,True,False,False,,,
107,The Development of an LSTM Model to Predict Time Series Missing Data of Air Temperature inside Fattening Pig Houses,Imcheon-myeon,Not specified,,,nieznany,brak_wartosci,MAPE=Bi-LSTM; RMSE=Bi-LSTM,,True,False,False,,,
107,The Development of an LSTM Model to Predict Time Series Missing Data of Air Temperature inside Fattening Pig Houses,Imcheon-myeon,Not specified,,,nieznany,brak_wartosci,MAPE=Bi-LSTM; RMSE=Bi-LSTM,,True,False,False,,,
107,The Development of an LSTM Model to Predict Time Series Missing Data of Air Temperature inside Fattening Pig Houses,Imcheon-myeon,Not specified,,,nieznany,brak_wartosci,MAPE=Bi-LSTM; RMSE=Bi-LSTM,,True,False,False,,,
107,The Development of an LSTM Model to Predict Time Series Missing Data of Air Temperature inside Fattening Pig Houses,Imcheon-myeon,Not specified,,,nieznany,brak_wartosci,MAPE=LSTM; RMSE=LSTM/Bi-LSTM,,True,False,False,,,
107,The Development of an LSTM Model to Predict Time Series Missing Data of Air Temperature inside Fattening Pig Houses,Imcheon-myeon,Not specified,,,nieznany,brak_wartosci,MAPE=LSTM; RMSE=LSTM,,True,False,False,,,
121,Reconstruction and Prediction of Chaotic Time Series with Missing Data: Leveraging Dynamical Correlations Between Variables,Self-generated,Not specified,10,10.0,10-20%,,MAPE=LNS_PM; RMSE=LNS_PM,,True,False,False,,,
121,Reconstruction and Prediction of Chaotic Time Series with Missing Data: Leveraging Dynamical Correlations Between Variables,Self-generated,Not specified,20,20.0,20-30%,,MAPE=LNS_PM; RMSE=LNS_PM,,True,False,False,,,
121,Reconstruction and Prediction of Chaotic Time Series with Missing Data: Leveraging Dynamical Correlations Between Variables,Self-generated,Not specified,30,30.0,30-40%,,MAPE=LNS_PM; RMSE=LNS_PM,,True,False,False,,,
121,Reconstruction and Prediction of Chaotic Time Series with Missing Data: Leveraging Dynamical Correlations Between Variables,Self-generated,Not specified,40,40.0,40-50%,,MAPE=LNS_PM; RMSE=LNS_PM,,True,False,False,,,
121,Reconstruction and Prediction of Chaotic Time Series with Missing Data: Leveraging Dynamical Correlations Between Variables,Self-generated,Not specified,50,50.0,50-60%,,MAPE=LNS_PM; RMSE=LNS_PM,,True,False,False,,,
121,Reconstruction and Prediction of Chaotic Time Series with Missing Data: Leveraging Dynamical Correlations Between Variables,Self-generated,Not specified,10,10.0,10-20%,,MAPE=DeepVar; RMSE=DeepVar,,True,False,False,,,
121,Reconstruction and Prediction of Chaotic Time Series with Missing Data: Leveraging Dynamical Correlations Between Variables,Self-generated,Not specified,20,20.0,20-30%,,MAPE=DeepVar; RMSE=DeepVar,,True,False,False,,,
121,Reconstruction and Prediction of Chaotic Time Series with Missing Data: Leveraging Dynamical Correlations Between Variables,Self-generated,Not specified,30,30.0,30-40%,,MAPE=DeepVar; RMSE=DeepVar,,True,False,False,,,
121,Reconstruction and Prediction of Chaotic Time Series with Missing Data: Leveraging Dynamical Correlations Between Variables,Self-generated,Not specified,40,40.0,40-50%,,MAPE=DeepVar; RMSE=DeepVar,,True,False,False,,,
121,Reconstruction and Prediction of Chaotic Time Series with Missing Data: Leveraging Dynamical Correlations Between Variables,Self-generated,Not specified,50,50.0,50-60%,,MAPE=LNS_PM; RMSE=LNS_PM,,True,False,False,,,
121,Reconstruction and Prediction of Chaotic Time Series with Missing Data: Leveraging Dynamical Correlations Between Variables,Self-generated,Not specified,10,10.0,10-20%,,MAPE=LNS_PM; RMSE=LNS_PM,,True,False,False,,,
121,Reconstruction and Prediction of Chaotic Time Series with Missing Data: Leveraging Dynamical Correlations Between Variables,Self-generated,Not specified,20,20.0,20-30%,,MAPE=LNS_PM; RMSE=LNS_PM/NST,,True,False,False,,,
121,Reconstruction and Prediction of Chaotic Time Series with Missing Data: Leveraging Dynamical Correlations Between Variables,Self-generated,Not specified,30,30.0,30-40%,,MAPE=LNS_PM; RMSE=LNS_PM,,True,False,False,,,
121,Reconstruction and Prediction of Chaotic Time Series with Missing Data: Leveraging Dynamical Correlations Between Variables,Self-generated,Not specified,40,40.0,40-50%,,MAPE=LNS_PM; RMSE=LNS_PM,,True,False,False,,,
121,Reconstruction and Prediction of Chaotic Time Series with Missing Data: Leveraging Dynamical Correlations Between Variables,Self-generated,Not specified,50,50.0,50-60%,,MAPE=LNS_PM; RMSE=LNS_PM,,True,False,False,,,
121,Reconstruction and Prediction of Chaotic Time Series with Missing Data: Leveraging Dynamical Correlations Between Variables,Self-generated,Not specified,10,10.0,10-20%,,MAPE=LNS_PM; RMSE=DeepVar,,True,False,False,,,
121,Reconstruction and Prediction of Chaotic Time Series with Missing Data: Leveraging Dynamical Correlations Between Variables,Self-generated,Not specified,20,20.0,20-30%,,MAPE=LNS_PM; RMSE=LNS_PM,,True,False,False,,,
121,Reconstruction and Prediction of Chaotic Time Series with Missing Data: Leveraging Dynamical Correlations Between Variables,Self-generated,Not specified,30,30.0,30-40%,,MAPE=LNS_PM; RMSE=LNS_PM,,True,False,False,,,
121,Reconstruction and Prediction of Chaotic Time Series with Missing Data: Leveraging Dynamical Correlations Between Variables,Self-generated,Not specified,40,40.0,40-50%,,MAPE=LNS_PM; RMSE=LNS_PM,,True,False,False,,,
121,Reconstruction and Prediction of Chaotic Time Series with Missing Data: Leveraging Dynamical Correlations Between Variables,Self-generated,Not specified,50,50.0,50-60%,,MAPE=LNS_PM; RMSE=LNS_PM,,True,False,False,,,
126,Reconstructing Missing Variables for Multivariate Time Series Forecasting via Conditional Generative Flows,METR-LA,MTGNN,5,5.0,0-10%,,MAE=TRF; RMSE=TRF,,True,False,False,,,
126,Reconstructing Missing Variables for Multivariate Time Series Forecasting via Conditional Generative Flows,METR-LA,MTGNN,15,15.0,10-20%,,MAE=TRF; RMSE=TRF,,True,False,False,,,
126,Reconstructing Missing Variables for Multivariate Time Series Forecasting via Conditional Generative Flows,METR-LA,MTGNN,25,25.0,20-30%,,MAE=TRF; RMSE=TRF,,True,False,False,,,
126,Reconstructing Missing Variables for Multivariate Time Series Forecasting via Conditional Generative Flows,solar,MTGNN,5,5.0,0-10%,,MAE=TRF; RMSE=TRF,,True,False,False,,,
126,Reconstructing Missing Variables for Multivariate Time Series Forecasting via Conditional Generative Flows,solar,MTGNN,15,15.0,10-20%,,MAE=TRF; RMSE=TRF,,True,False,False,,,
126,Reconstructing Missing Variables for Multivariate Time Series Forecasting via Conditional Generative Flows,solar,MTGNN,25,25.0,20-30%,,MAE=TRF; RMSE=TRF,,True,False,False,,,
126,Reconstructing Missing Variables for Multivariate Time Series Forecasting via Conditional Generative Flows,traffic,MTGNN,5,5.0,0-10%,,MAE=TRF; RMSE=TRF,,True,False,False,,,
126,Reconstructing Missing Variables for Multivariate Time Series Forecasting via Conditional Generative Flows,traffic,MTGNN,15,15.0,10-20%,,MAE=TRF; RMSE=TRF,,True,False,False,,,
126,Reconstructing Missing Variables for Multivariate Time Series Forecasting via Conditional Generative Flows,traffic,MTGNN,25,25.0,20-30%,,MAE=TRF; RMSE=TRF,,True,False,False,,,
126,Reconstructing Missing Variables for Multivariate Time Series Forecasting via Conditional Generative Flows,ECG5000,MTGNN,5,5.0,0-10%,,MAE=TRF; RMSE=TRF,,True,False,False,,,
126,Reconstructing Missing Variables for Multivariate Time Series Forecasting via Conditional Generative Flows,ECG5000,MTGNN,15,15.0,10-20%,,MAE=TRF; RMSE=TRF,,True,False,False,,,
126,Reconstructing Missing Variables for Multivariate Time Series Forecasting via Conditional Generative Flows,ECG5000,MTGNN,25,25.0,20-30%,,MAE=TRF; RMSE=TRF,,True,False,False,,,
126,Reconstructing Missing Variables for Multivariate Time Series Forecasting via Conditional Generative Flows,METR-LA,ASTGCN,5,5.0,0-10%,,MAE=TRF; RMSE=TRF,,True,False,False,,,
126,Reconstructing Missing Variables for Multivariate Time Series Forecasting via Conditional Generative Flows,METR-LA,ASTGCN,15,15.0,10-20%,,MAE=TRF; RMSE=TRF,,True,False,False,,,
126,Reconstructing Missing Variables for Multivariate Time Series Forecasting via Conditional Generative Flows,METR-LA,ASTGCN,25,25.0,20-30%,,MAE=TRF; RMSE=TRF,,True,False,False,,,
126,Reconstructing Missing Variables for Multivariate Time Series Forecasting via Conditional Generative Flows,solar,ASTGCN,5,5.0,0-10%,,MAE=TRF; RMSE=TRF,,True,False,False,,,
126,Reconstructing Missing Variables for Multivariate Time Series Forecasting via Conditional Generative Flows,solar,ASTGCN,15,15.0,10-20%,,MAE=TRF; RMSE=TRF,,True,False,False,,,
126,Reconstructing Missing Variables for Multivariate Time Series Forecasting via Conditional Generative Flows,solar,ASTGCN,25,25.0,20-30%,,MAE=TRF; RMSE=TRF,,True,False,False,,,
126,Reconstructing Missing Variables for Multivariate Time Series Forecasting via Conditional Generative Flows,traffic,ASTGCN,5,5.0,0-10%,,MAE=TRF; RMSE=TRF,,True,False,False,,,
126,Reconstructing Missing Variables for Multivariate Time Series Forecasting via Conditional Generative Flows,traffic,ASTGCN,15,15.0,10-20%,,MAE=TRF; RMSE=TRF,,True,False,False,,,
126,Reconstructing Missing Variables for Multivariate Time Series Forecasting via Conditional Generative Flows,traffic,ASTGCN,25,25.0,20-30%,,MAE=TRF; RMSE=TRF,,True,False,False,,,
126,Reconstructing Missing Variables for Multivariate Time Series Forecasting via Conditional Generative Flows,ECG5000,ASTGCN,5,5.0,0-10%,,MAE=TRF; RMSE=TRF,,True,False,False,,,
126,Reconstructing Missing Variables for Multivariate Time Series Forecasting via Conditional Generative Flows,ECG5000,ASTGCN,15,15.0,10-20%,,MAE=TRF; RMSE=TRF,,True,False,False,,,
126,Reconstructing Missing Variables for Multivariate Time Series Forecasting via Conditional Generative Flows,ECG5000,ASTGCN,25,25.0,20-30%,,MAE=TRF; RMSE=TRF,,True,False,False,,,
126,Reconstructing Missing Variables for Multivariate Time Series Forecasting via Conditional Generative Flows,METR-LA,T-GCN,5,5.0,0-10%,,MAE=TRF; RMSE=TRF,,True,False,False,,,
126,Reconstructing Missing Variables for Multivariate Time Series Forecasting via Conditional Generative Flows,METR-LA,T-GCN,15,15.0,10-20%,,MAE=TRF; RMSE=TRF,,True,False,False,,,
126,Reconstructing Missing Variables for Multivariate Time Series Forecasting via Conditional Generative Flows,METR-LA,T-GCN,25,25.0,20-30%,,MAE=TRF; RMSE=TRF,,True,False,False,,,
126,Reconstructing Missing Variables for Multivariate Time Series Forecasting via Conditional Generative Flows,solar,T-GCN,5,5.0,0-10%,,MAE=TRF; RMSE=TRF,,True,False,False,,,
126,Reconstructing Missing Variables for Multivariate Time Series Forecasting via Conditional Generative Flows,solar,T-GCN,15,15.0,10-20%,,MAE=TRF; RMSE=TRF,,True,False,False,,,
126,Reconstructing Missing Variables for Multivariate Time Series Forecasting via Conditional Generative Flows,solar,T-GCN,25,25.0,20-30%,,MAE=TRF; RMSE=TRF,,True,False,False,,,
126,Reconstructing Missing Variables for Multivariate Time Series Forecasting via Conditional Generative Flows,traffic,T-GCN,5,5.0,0-10%,,MAE=TRF; RMSE=TRF,,True,False,False,,,
126,Reconstructing Missing Variables for Multivariate Time Series Forecasting via Conditional Generative Flows,traffic,T-GCN,15,15.0,10-20%,,MAE=TRF; RMSE=TRF,,True,False,False,,,
126,Reconstructing Missing Variables for Multivariate Time Series Forecasting via Conditional Generative Flows,traffic,T-GCN,25,25.0,20-30%,,MAE=TRF; RMSE=TRF,,True,False,False,,,
126,Reconstructing Missing Variables for Multivariate Time Series Forecasting via Conditional Generative Flows,ECG5000,T-GCN,5,5.0,0-10%,,MAE=TRF; RMSE=TRF,,True,False,False,,,
126,Reconstructing Missing Variables for Multivariate Time Series Forecasting via Conditional Generative Flows,ECG5000,T-GCN,15,15.0,10-20%,,MAE=TRF; RMSE=TRF,,True,False,False,,,
126,Reconstructing Missing Variables for Multivariate Time Series Forecasting via Conditional Generative Flows,ECG5000,T-GCN,25,25.0,20-30%,,MAE=TRF; RMSE=TRF,,True,False,False,,,
126,Reconstructing Missing Variables for Multivariate Time Series Forecasting via Conditional Generative Flows,METR-LA,MTGNN,25,25.0,20-30%,,MAE=TRF; RMSE=TRF,,True,False,False,,,
126,Reconstructing Missing Variables for Multivariate Time Series Forecasting via Conditional Generative Flows,solar,MTGNN,25,25.0,20-30%,,MAE=TRF; RMSE=MICE,,True,False,False,,,
126,Reconstructing Missing Variables for Multivariate Time Series Forecasting via Conditional Generative Flows,traffic,MTGNN,25,25.0,20-30%,,MAE=TRF; RMSE=TRF,,True,False,False,,,
126,Reconstructing Missing Variables for Multivariate Time Series Forecasting via Conditional Generative Flows,ECG5000,MTGNN,25,25.0,20-30%,,MAE=TRF; RMSE=TRF,,True,False,False,,,
129,Denoising or distortion: Does decomposition-reconstruction modeling paradigm provide a reliable prediction for crude oil price time series?,WTI,Not specified,,,nieznany,brak_wartosci,Dstat=EEMD-RVFL; MAE=EEMD-RVFL; MAPE=EEMD-RVFL; MASE=EEMD-RVFL; RMSE=EEMD-RVFL,,True,False,False,,,
129,Denoising or distortion: Does decomposition-reconstruction modeling paradigm provide a reliable prediction for crude oil price time series?,WTI,Not specified,,,nieznany,brak_wartosci,Dstat=EEMD-RVFL; MAE=EEMD-RVFL; MAPE=EEMD-RVFL; MASE=EEMD-RVFL; RMSE=EEMD-RVFL,,True,False,False,,,
129,Denoising or distortion: Does decomposition-reconstruction modeling paradigm provide a reliable prediction for crude oil price time series?,WTI,Not specified,,,nieznany,brak_wartosci,Dstat=BP; MAE=EEMD-RVFL; MAPE=EEMD-RVFL; MASE=R-VMD-RVFL; RMSE=EEMD-RVFL,,True,False,False,,,
129,Denoising or distortion: Does decomposition-reconstruction modeling paradigm provide a reliable prediction for crude oil price time series?,WTI,Not specified,,,nieznany,brak_wartosci,Dstat=EEMD-RVFL; MAE=EEMD-RVFL; MAPE=EEMD-RVFL; MASE=EEMD-RVFL; RMSE=EEMD-RVFL,,True,False,False,,,
129,Denoising or distortion: Does decomposition-reconstruction modeling paradigm provide a reliable prediction for crude oil price time series?,WTI,Not specified,,,nieznany,brak_wartosci,Dstat=EEMD-RVFL; MAE=EEMD-RVFL; MAPE=EEMD-RVFL; MASE=R-VMD-RVFL; RMSE=EEMD-RVFL,,True,False,False,,,
129,Denoising or distortion: Does decomposition-reconstruction modeling paradigm provide a reliable prediction for crude oil price time series?,WTI,Not specified,,,nieznany,brak_wartosci,Dstat=R-VMD-RVFL; MAE=R-VMD-RVFL; MAPE=EEMD-RVFL; MASE=R-VMD-RVFL; RMSE=R-VMD-RVFL,,True,False,False,,,
150,"A novel wind power forecasting system integrating time series refining, nonlinear multi-objective optimized deep learning and linear error correction",Not specified,,,,nieznany,brak_wartosci,IA=SVmD; LMI=SVmD; MAE=SVmD; MSE=SVmD; PCC (COR)=SVmD; R2=SVmD; RMSE=SVmD; STD=SVmD; TIC=SVmD,,True,False,False,,,
150,"A novel wind power forecasting system integrating time series refining, nonlinear multi-objective optimized deep learning and linear error correction",Not specified,,,,nieznany,brak_wartosci,IA=SVmD; LMI=SVmD; MAE=SVmD; MSE=SVmD; PCC (COR)=SVmD; R2=SVmD; RMSE=SVmD; STD=SVmD; TIC=SVmD,,True,False,False,,,
150,"A novel wind power forecasting system integrating time series refining, nonlinear multi-objective optimized deep learning and linear error correction",Not specified,,,,nieznany,brak_wartosci,IA=SVmD; LMI=SVmD; MAE=SVmD; MSE=SVmD; PCC (COR)=SVmD; R2=SVmD; RMSE=SVmD; STD=SVmD; TIC=SVmD,,True,False,False,,,
150,"A novel wind power forecasting system integrating time series refining, nonlinear multi-objective optimized deep learning and linear error correction",Not specified,,,,nieznany,brak_wartosci,IA=SVmD; LMI=SVmD; MAE=SVmD; MSE=SVmD; PCC (COR)=SVmD; R2=SVmD; RMSE=SVmD; STD=SVmD; TIC=SVmD,,True,False,False,,,
158,kNN estimators for time series prediction: a functional partial linear single index model with missing responses and error-prone covariates,Self-generated,FPLSIM+kNN,~17,,nieznany,nienumeryczna_wartosc,MSE=IMPWE,,True,False,False,,,
158,kNN estimators for time series prediction: a functional partial linear single index model with missing responses and error-prone covariates,Self-generated,FPLSIM+kNN,~45,,nieznany,nienumeryczna_wartosc,MSE=IMPWE,,True,False,False,,,
158,kNN estimators for time series prediction: a functional partial linear single index model with missing responses and error-prone covariates,Self-generated,FPLSIM+Kernel,~17,,nieznany,nienumeryczna_wartosc,MSE=KNN Impute,,True,False,False,,,
158,kNN estimators for time series prediction: a functional partial linear single index model with missing responses and error-prone covariates,Self-generated,FPLSIM+Kernel,~45,,nieznany,nienumeryczna_wartosc,MSE=KNN Impute,,True,False,False,,,
158,kNN estimators for time series prediction: a functional partial linear single index model with missing responses and error-prone covariates,Annual Energy Review,FPLSIM+kNN,"10,2",10.2,10-20%,,MSE=IMPWE,,True,False,False,,,
158,kNN estimators for time series prediction: a functional partial linear single index model with missing responses and error-prone covariates,Annual Energy Review,FPLSIM+kNN,"22,4",22.4,20-30%,,MSE=IMPWE,,True,False,False,,,
158,kNN estimators for time series prediction: a functional partial linear single index model with missing responses and error-prone covariates,Annual Energy Review,FPLSIM+kNN,"30,6",30.6,30-40%,,MSE=KNN Impute,,True,False,False,,,
158,kNN estimators for time series prediction: a functional partial linear single index model with missing responses and error-prone covariates,Annual Energy Review,FPLSIM+kNN,"40,8",40.8,40-50%,,MSE=KNN Impute,,True,False,False,,,
158,kNN estimators for time series prediction: a functional partial linear single index model with missing responses and error-prone covariates,Annual Energy Review,FPLSIM+Kernel,"10,2",10.2,10-20%,,MSE=KNN Impute,,True,False,False,,,
158,kNN estimators for time series prediction: a functional partial linear single index model with missing responses and error-prone covariates,Annual Energy Review,FPLSIM+Kernel,"22,4",22.4,20-30%,,MSE=KNN Impute,,True,False,False,,,
158,kNN estimators for time series prediction: a functional partial linear single index model with missing responses and error-prone covariates,Annual Energy Review,FPLSIM+Kernel,"30,6",30.6,30-40%,,MSE=KNN Impute,,True,False,False,,,
158,kNN estimators for time series prediction: a functional partial linear single index model with missing responses and error-prone covariates,Annual Energy Review,FPLSIM+Kernel,"40,8",40.8,40-50%,,MSE=IMPWE,,True,False,False,,,
165,An improved self-attention for long-sequence time-series data forecasting with missing values,ETT,Transformer,5,5.0,0-10%,,MAE=Decay attention; MSE=Decay attention; RMSE=Decay attention; RSquare=Decay attention,,True,False,False,,,
165,An improved self-attention for long-sequence time-series data forecasting with missing values,ETT,Transformer,25,25.0,20-30%,,MAE=Decay attention; MSE=Decay attention,,True,False,False,,,
165,An improved self-attention for long-sequence time-series data forecasting with missing values,ETT,Informer,5,5.0,0-10%,,MAE=No imputation; MSE=No imputation; RMSE=No imputation; RSquare=No imputation,,True,False,False,,,
165,An improved self-attention for long-sequence time-series data forecasting with missing values,ETT,Autoformer,5,5.0,0-10%,,MAE=Decay attention; MSE=Decay attention; RMSE=Decay attention; RSquare=Decay attention,,True,False,False,,,
165,An improved self-attention for long-sequence time-series data forecasting with missing values,ECL,Transformer,5,5.0,0-10%,,MAE=Decay attention; MSE=Decay attention; RMSE=Decay attention; RSquare=Decay attention,,True,False,False,,,
165,An improved self-attention for long-sequence time-series data forecasting with missing values,ECL,Informer,5,5.0,0-10%,,MAE=No imputation; MSE=No imputation; RMSE=No imputation; RSquare=No imputation,,True,False,False,,,
165,An improved self-attention for long-sequence time-series data forecasting with missing values,ECL,Autoformer,5,5.0,0-10%,,MAE=No imputation; MSE=No imputation; RMSE=No imputation; RSquare=No imputation,,True,False,False,,,
165,An improved self-attention for long-sequence time-series data forecasting with missing values,WTH,Transformer,5,5.0,0-10%,,MAE=Decay attention; MSE=Decay attention; RMSE=Decay attention; RSquare=Decay attention,,True,False,False,,,
165,An improved self-attention for long-sequence time-series data forecasting with missing values,WTH,Informer,5,5.0,0-10%,,MAE=No imputation; MSE=No imputation; RMSE=No imputation; RSquare=Decay attention,,True,False,False,,,
165,An improved self-attention for long-sequence time-series data forecasting with missing values,WTH,Autoformer,5,5.0,0-10%,,MAE=Decay attention; MSE=Decay attention; RMSE=Decay attention; RSquare=No imputation,,True,False,False,,,
165,An improved self-attention for long-sequence time-series data forecasting with missing values,Exchange Rate,Transformer,5,5.0,0-10%,,MAE=Decay attention; MSE=Decay attention; RMSE=Decay attention; RSquare=Decay attention,,True,False,False,,,
165,An improved self-attention for long-sequence time-series data forecasting with missing values,Exchange Rate,Informer,5,5.0,0-10%,,MAE=No imputation; MSE=No imputation; RMSE=No imputation; RSquare=No imputation,,True,False,False,,,
165,An improved self-attention for long-sequence time-series data forecasting with missing values,Exchange Rate,Autoformer,5,5.0,0-10%,,MAE=No imputation; MSE=No imputation; RMSE=Decay attention; RSquare=No imputation,,True,False,False,,,
165,An improved self-attention for long-sequence time-series data forecasting with missing values,Influenza-Like Illness,Transformer,5,5.0,0-10%,,MAE=Decay attention; MSE=Decay attention; RMSE=Decay attention; RSquare=Decay attention,,True,False,False,,,
165,An improved self-attention for long-sequence time-series data forecasting with missing values,Influenza-Like Illness,Informer,5,5.0,0-10%,,MAE=Decay attention; MSE=Decay attention; RMSE=Decay attention; RSquare=Decay attention,,True,False,False,,,
165,An improved self-attention for long-sequence time-series data forecasting with missing values,Influenza-Like Illness,Autoformer,5,5.0,0-10%,,MAE=Decay attention; MSE=Decay attention; RMSE=Decay attention; RSquare=No imputation,,True,False,False,,,
283,Forward and backward forecasting ensembles for the estimation of time series missing data,NN3,FFNN,10,10.0,10-20%,,SMAPE=Ensemble (Forward + Backward),,True,False,False,,,
283,Forward and backward forecasting ensembles for the estimation of time series missing data,NN3,FFNN,20,20.0,20-30%,,SMAPE=Ensemble (Forward + Backward),,True,False,False,,,
283,Forward and backward forecasting ensembles for the estimation of time series missing data,NN3,FFNN,30,30.0,30-40%,,SMAPE=Ensemble (Forward + Backward),,True,False,False,,,
283,Forward and backward forecasting ensembles for the estimation of time series missing data,NN3,FFNN,40,40.0,40-50%,,SMAPE=Ensemble (Forward + Backward),,True,False,False,,,
283,Forward and backward forecasting ensembles for the estimation of time series missing data,M3,FFNN,10,10.0,10-20%,,SMAPE=Ensemble (Forward + Backward),,True,False,False,,,
283,Forward and backward forecasting ensembles for the estimation of time series missing data,M3,FFNN,20,20.0,20-30%,,SMAPE=Ensemble (Forward + Backward),,True,False,False,,,
283,Forward and backward forecasting ensembles for the estimation of time series missing data,M3,FFNN,30,30.0,30-40%,,SMAPE=Ensemble (Forward + Backward),,True,False,False,,,
283,Forward and backward forecasting ensembles for the estimation of time series missing data,M3,FFNN,40,40.0,40-50%,,SMAPE=Ensemble (Forward + Backward),,True,False,False,,,
283,Forward and backward forecasting ensembles for the estimation of time series missing data,NN3,Holt's Expotential Smoothing,10,10.0,10-20%,,SMAPE=Ensemble (Forward + Backward),,True,False,False,,,
283,Forward and backward forecasting ensembles for the estimation of time series missing data,NN3,Holt's Expotential Smoothing,20,20.0,20-30%,,SMAPE=Ensemble (Forward + Backward),,True,False,False,,,
283,Forward and backward forecasting ensembles for the estimation of time series missing data,NN3,Holt's Expotential Smoothing,30,30.0,30-40%,,SMAPE=Ensemble (Forward + Backward),,True,False,False,,,
283,Forward and backward forecasting ensembles for the estimation of time series missing data,NN3,Holt's Expotential Smoothing,40,40.0,40-50%,,SMAPE=Ensemble (Forward + Backward),,True,False,False,,,
283,Forward and backward forecasting ensembles for the estimation of time series missing data,M3,Holt's Expotential Smoothing,10,10.0,10-20%,,SMAPE=Ensemble (Forward + Backward),,True,False,False,,,
283,Forward and backward forecasting ensembles for the estimation of time series missing data,M3,Holt's Expotential Smoothing,20,20.0,20-30%,,SMAPE=Ensemble (Forward + Backward),,True,False,False,,,
283,Forward and backward forecasting ensembles for the estimation of time series missing data,M3,Holt's Expotential Smoothing,30,30.0,30-40%,,SMAPE=Ensemble (Forward + Backward),,True,False,False,,,
283,Forward and backward forecasting ensembles for the estimation of time series missing data,M3,Holt's Expotential Smoothing,40,40.0,40-50%,,SMAPE=Ensemble (Forward + Backward),,True,False,False,,,
283,Forward and backward forecasting ensembles for the estimation of time series missing data,NN3,MA,10,10.0,10-20%,,SMAPE=Ensemble (Forward + Backward),,True,False,False,,,
283,Forward and backward forecasting ensembles for the estimation of time series missing data,NN3,MA,20,20.0,20-30%,,SMAPE=Ensemble (Forward + Backward),,True,False,False,,,
283,Forward and backward forecasting ensembles for the estimation of time series missing data,NN3,MA,30,30.0,30-40%,,SMAPE=Ensemble (Forward + Backward),,True,False,False,,,
283,Forward and backward forecasting ensembles for the estimation of time series missing data,NN3,MA,40,40.0,40-50%,,SMAPE=Ensemble (Forward + Backward),,True,False,False,,,
283,Forward and backward forecasting ensembles for the estimation of time series missing data,M3,MA,10,10.0,10-20%,,SMAPE=Ensemble (Forward + Backward),,True,False,False,,,
283,Forward and backward forecasting ensembles for the estimation of time series missing data,M3,MA,20,20.0,20-30%,,SMAPE=Ensemble (Forward + Backward),,True,False,False,,,
283,Forward and backward forecasting ensembles for the estimation of time series missing data,M3,MA,30,30.0,30-40%,,SMAPE=Ensemble (Forward + Backward),,True,False,False,,,
283,Forward and backward forecasting ensembles for the estimation of time series missing data,M3,MA,40,40.0,40-50%,,SMAPE=Ensemble (Forward + Backward),,True,False,False,,,
284,Period-aware content attention RNNs for time series forecasting with missing values,PSE(Polish Electricity),RNN,5,5.0,0-10%,,SMAPE=PI - mi,,True,False,False,,,
284,Period-aware content attention RNNs for time series forecasting with missing values,PSE(Polish Electricity),RNN,10,10.0,10-20%,,SMAPE=pi - mi,,True,False,False,,,
284,Period-aware content attention RNNs for time series forecasting with missing values,PSE(Polish Electricity),RNN,15,15.0,10-20%,,SMAPE=PI - mi,,True,False,False,,,
284,Period-aware content attention RNNs for time series forecasting with missing values,PSE(Polish Electricity),RNN,20,20.0,20-30%,,SMAPE=pi - mi,,True,False,False,,,
284,Period-aware content attention RNNs for time series forecasting with missing values,PSE(Polish Electricity),RNN,30,30.0,30-40%,,SMAPE=pi - mi,,True,False,False,,,
284,Period-aware content attention RNNs for time series forecasting with missing values,PSE(Polish Electricity),RNN,40,40.0,40-50%,,SMAPE=PI - M,,True,False,False,,,
284,Period-aware content attention RNNs for time series forecasting with missing values,PW (Polish Weather),RNN,5,5.0,0-10%,,SMAPE=pi (pisane ma?ym symbolem),,True,False,False,,,
284,Period-aware content attention RNNs for time series forecasting with missing values,PW (Polish Weather),RNN,10,10.0,10-20%,,SMAPE=pi (pisane ma?ym symbolem),,True,False,False,,,
284,Period-aware content attention RNNs for time series forecasting with missing values,PW (Polish Weather),RNN,15,15.0,10-20%,,SMAPE=pi - mi,,True,False,False,,,
284,Period-aware content attention RNNs for time series forecasting with missing values,PW (Polish Weather),RNN,20,20.0,20-30%,,SMAPE=PI - M,,True,False,False,,,
284,Period-aware content attention RNNs for time series forecasting with missing values,PW (Polish Weather),RNN,30,30.0,30-40%,,SMAPE=pi - M,,True,False,False,,,
284,Period-aware content attention RNNs for time series forecasting with missing values,PW (Polish Weather),RNN,40,40.0,40-50%,,SMAPE=pi (pisane ma?ym symbolem),,True,False,False,,,
284,Period-aware content attention RNNs for time series forecasting with missing values,AQ : Air Quality,RNN,30,30.0,30-40%,,MSE=PI^m-mi/M; SMAPE=PI - mi,,True,False,False,,,
284,Period-aware content attention RNNs for time series forecasting with missing values,AQ : Air Quality,RNN,40,40.0,40-50%,,MSE=PI^m-mi/M; SMAPE=pi - mi,,True,False,False,,,
284,Period-aware content attention RNNs for time series forecasting with missing values,AQ : Air Quality,RNN,40,40.0,40-50%,,MSE=PI^m,,True,False,False,,,
284,Period-aware content attention RNNs for time series forecasting with missing values,AEP : Appliances Energy Prediction,RNN,5,5.0,0-10%,,MSE=PI^m-mi/M; SMAPE=PI - M,,True,False,False,,,
284,Period-aware content attention RNNs for time series forecasting with missing values,AEP : Appliances Energy Prediction,RNN,10,10.0,10-20%,,MSE=PI^m-mi/M; SMAPE=pi - M,,True,False,False,,,
284,Period-aware content attention RNNs for time series forecasting with missing values,AEP : Appliances Energy Prediction,RNN,15,15.0,10-20%,,MSE=Standard attention mechanism; SMAPE=Standard attention mechanism,,True,False,False,,,
284,Period-aware content attention RNNs for time series forecasting with missing values,AEP : Appliances Energy Prediction,RNN,20,20.0,20-30%,,MSE=Standard attention mechanism; SMAPE=Standard attention mechanism,,True,False,False,,,
284,Period-aware content attention RNNs for time series forecasting with missing values,AEP : Appliances Energy Prediction,RNN,30,30.0,30-40%,,MSE=Standard attention mechanism; SMAPE=Standard attention mechanism,,True,False,False,,,
284,Period-aware content attention RNNs for time series forecasting with missing values,AEP : Appliances Energy Prediction,RNN,40,40.0,40-50%,,MSE=PI^m-mi/M; SMAPE=pi - mi,,True,False,False,,,
284,Period-aware content attention RNNs for time series forecasting with missing values,OLD : Ozone Level Detection,RNN,5,5.0,0-10%,,MSE=PI^m-mi/M; SMAPE=pi (pisane ma?ym symbolem),,True,False,False,,,
284,Period-aware content attention RNNs for time series forecasting with missing values,OLD : Ozone Level Detection,RNN,10,10.0,10-20%,,MSE=PI^m-mi/M; SMAPE=PI (pisane wielkim symbolem),,True,False,False,,,
284,Period-aware content attention RNNs for time series forecasting with missing values,OLD : Ozone Level Detection,RNN,15,15.0,10-20%,,MSE=Standard attention mechanism; SMAPE=PI (pisane wielkim symbolem),,True,False,False,,,
284,Period-aware content attention RNNs for time series forecasting with missing values,OLD : Ozone Level Detection,RNN,20,20.0,20-30%,,MSE=PI^m; SMAPE=PI (pisane wielkim symbolem),,True,False,False,,,
284,Period-aware content attention RNNs for time series forecasting with missing values,OLD : Ozone Level Detection,RNN,30,30.0,30-40%,,MSE=PI^m-mi/M; SMAPE=PI (pisane wielkim symbolem),,True,False,False,,,
284,Period-aware content attention RNNs for time series forecasting with missing values,OLD : Ozone Level Detection,RNN,40,40.0,40-50%,,MSE=PI^m-mi/M; SMAPE=PI - M,,True,False,False,,,
284,Period-aware content attention RNNs for time series forecasting with missing values,NAB (Numenta Anomaly Benchmark),RNN,5,5.0,0-10%,,SMAPE=PI - mi,,True,False,False,,,
284,Period-aware content attention RNNs for time series forecasting with missing values,NAB (Numenta Anomaly Benchmark),RNN,10,10.0,10-20%,,SMAPE=pi - M,,True,False,False,,,
284,Period-aware content attention RNNs for time series forecasting with missing values,NAB (Numenta Anomaly Benchmark),RNN,15,15.0,10-20%,,SMAPE=pi - M,,True,False,False,,,
284,Period-aware content attention RNNs for time series forecasting with missing values,NAB (Numenta Anomaly Benchmark),RNN,20,20.0,20-30%,,SMAPE=Standard attention mechanism,,True,False,False,,,
284,Period-aware content attention RNNs for time series forecasting with missing values,NAB (Numenta Anomaly Benchmark),RNN,30,30.0,30-40%,,SMAPE=pi - M,,True,False,False,,,
284,Period-aware content attention RNNs for time series forecasting with missing values,NAB (Numenta Anomaly Benchmark),RNN,40,40.0,40-50%,,SMAPE=pi - mi,,True,False,False,,,
285,Using forecast modelling to evaluate treatment effects in single-group interrupted time series analysis,ENR,ARIMA,,,nieznany,brak_wartosci,BIC=ARIMA; MAD=ARIMA; MAPE=ARIMA,,True,False,False,,,
285,Using forecast modelling to evaluate treatment effects in single-group interrupted time series analysis,ENR,Holt-Winters,,,nieznany,brak_wartosci,BIC=Holt-Winters; MAD=Holt-Winters; MAPE=Holt-Winters,,True,False,False,,,
286,Forecasting Construction Cost Index Using Interrupted Time-Series,California'a Proposition 99,ARIMA (Interrupted ARIMA),,,nieznany,brak_wartosci,MAE=Intervension Analysis; MAPE=Intervension Analysis; RMSE=Intervension Analysis,,True,False,False,,,
297,Forecasting etimated missing time series data,ASE,ARIMA,not given,,nieznany,nienumeryczna_wartosc,MSE=ARIMA with Filtering; RMSE=ARIMA with Filtering,,True,False,False,,,
300,Online time series prediction with missing data,Generated,Setting 1 (sanity check),10%,,nieznany,nienumeryczna_wartosc,MSE=ARLSimpute,,True,False,False,,,
300,Online time series prediction with missing data,Generated,Setting 1 (sanity check),20%,,nieznany,nienumeryczna_wartosc,MSE=EM (Kalman Filter),,True,False,False,,,
300,Online time series prediction with missing data,Generated,AR mixture,10%,,nieznany,nienumeryczna_wartosc,MSE=Author's algorithm,,True,False,False,,,
300,Online time series prediction with missing data,Generated,AR mixture,20%,,nieznany,nienumeryczna_wartosc,MSE=EM (Kalman Filter),,True,False,False,,,
300,Online time series prediction with missing data,Generated,heteroscedasticity,10%,,nieznany,nienumeryczna_wartosc,MSE=Author's Algorithm,,True,False,False,,,
300,Online time series prediction with missing data,Generated,heteroscedasticity,20%,,nieznany,nienumeryczna_wartosc,MSE=Author's Algorithm,,True,False,False,,,
302,Improvement of forecasting robustness of time series model for thermal error on CNC machine tool,,,,,nieznany,brak_wartosci,MSD=ALIX; Maximum Absolute Error=ALIX; RMSE=ALIX,,True,False,False,,,
372,Missing data and forecasting in multivariate time series: An application of the common components dynamic linear model,,,,,nieznany,brak_wartosci,Log-likelihood=DLMCC; Log-likelihood ratio=DLMCC; MAD=DLMCC; MSE=DLMCC; RMSE=DLMCC,,True,False,False,,,
