Cecha,Liczba,Procent,Lacznie_artykulow
RMSE,33,22.3,148
MSE,23,15.54,148
MAE,18,12.16,148
MAPE,14,9.46,148
NRMSE,5,3.38,148
AUC (AUROC),4,2.7,148
SMAPE,4,2.7,148
IA,3,2.03,148
MAD,3,2.03,148
IFCP / PICP,3,2.03,148
NIFAW / IFNAW / PINAW,3,2.03,148
Precision,2,1.35,148
Recall,2,1.35,148
RSE,2,1.35,148
CRPS,2,1.35,148
F1-score,2,1.35,148
RSquare (RSQ),2,1.35,148
TIC,2,1.35,148
R2,2,1.35,148
NMSE,1,0.68,148
CORR,1,0.68,148
MSD,1,0.68,148
MSD index,1,0.68,148
AUPRC,1,0.68,148
VEcv,1,0.68,148
MASE,1,0.68,148
Dstat,1,0.68,148
Accuracy,1,0.68,148
DSC,1,0.68,148
Specifity,1,0.68,148
Sensivity,1,0.68,148
PA,1,0.68,148
RISE,1,0.68,148
BIC,1,0.68,148
U Theila,1,0.68,148
Log-likelihood,1,0.68,148
Log-likelihood ratio,1,0.68,148
RRMSE,1,0.68,148
DA,1,0.68,148
ACE,1,0.68,148
LMI,1,0.68,148
PCC (COR),1,0.68,148
STD,1,0.68,148
NMAE,1,0.68,148
MPE,1,0.68,148
